estudante,email,modulo,aulas_completas,sequencia_atual,ultima_atividade
Janine Pessoa Correa De Araujo,janinepessoa@hotmail.com,Constituição Federal,8,1,"29/09/2026, 15:01:47"
Felipe Rodrigues Dos Santos,feliipers@hotmail.com,Constituição Federal,9,9,"29/09/2026, 21:33:35"
Paulo Eufrasio,eletrotecpaulo@yahoo.com.br,Constituição Federal,9,2,"29/09/2026, 21:21:32"
Juliana Souza Sant Ana,julianassant@hotmail.com,Constituição Federal,10,7,"30/09/2026, 08:00:09"
Bruno Jackson Pereira,brunojacsonadv@gmail.com,Constituição Federal,9,9,"29/09/2026, 16:25:16"
Jennyfer Carolina Ferreira Fonseca,jennyferwell@gmail.com,Constituição Federal,4,1,"29/09/2026, 22:07:23"
Brenda Moura,brendadevilhena.bma@gmail.com,Constituição Federal,5,0,"28/09/2026, 17:10:16"
Mayara Rodrigues Andregheti,mayara.andrecheti@gmail.com,Constituição Federal,10,4,"30/09/2026, 10:58:26"
Rhauá Hulek Linario Leal Costa,rumoaprocuradoriamt@gmail.com,Constituição Federal,7,0,"28/09/2026, 17:15:34"
Gabriel De Lima Pereira,gabrieldelimapereira@gmail.com,Constituição Federal,9,9,"29/09/2026, 22:34:48"
Letícia Tavares,leticiatavars1010@gmail.com,Constituição Federal,9,9,"29/09/2026, 13:24:39"
Ana Luiza Campos Barcelos,ana.campos.barcelos@gmail.com,Constituição Federal,4,1,"29/09/2026, 23:55:30"
Ana Carolina Piassalonga,anapiassalonga@gmail.com,Constituição Federal,9,9,"29/09/2026, 09:13:22"
Felipe Marquiafave Teles Artioli Godoi,felipetagodoi@gmail.com,Constituição Federal,9,9,"29/09/2026, 10:19:50"
Maria Carolina De Araujo Gueiros Mallmann,carolinagueiros96@gmail.com,Constituição Federal,5,0,"25/09/2026, 16:55:36"
Rangel Morrissey Mantelli,rangelmantelli@gmail.com,Constituição Federal,4,0,"24/09/2026, 22:10:11"
Jofre Costa Fortes Manoel,jofre.m@hotmail.com,Constituição Federal,1,0,"21/09/2026, 15:12:52"
Jussara Daiane Da Silva,jussaradsilva@gmail.com,Constituição Federal,3,0,"23/09/2026, 20:46:02"
Frederico Santos Senisse,fred.s.senisse@gmail.com,Constituição Federal,9,3,"30/09/2026, 11:09:35"
Krisleyne Ferreira Da Silva,krisleyneferreira@gmail.com,Constituição Federal,10,10,"30/09/2026, 09:29:15"
Mariana Do Prado Lima,mariplima280797@gmail.com,Constituição Federal,10,10,"30/09/2026, 08:26:13"
Mariana Julie Garcia Maia De Castro,marianajgm@gmail.com,Constituição Federal,9,9,"29/09/2026, 10:49:36"
Rachel Lambertucci Nogueira Branco,rachellambertucci@gmail.com,Constituição Federal,9,3,"29/09/2026, 21:08:18"
Arthur Basso Galli,aogalli580@gmail.com,Constituição Federal,9,9,"29/09/2026, 16:00:05"
Vanessa Rodrigues Santos,vanessarelearning@hotmail.com,Constituição Federal,10,10,"30/09/2026, 08:17:15"
Aline Brito Moreira Nogueira,alinebrittom@gmail.com,Constituição Federal,9,9,"29/09/2026, 07:59:27"
Rafael Silva,rafael-j.s@hotmail.com,Constituição Federal,8,0,"28/09/2026, 03:20:39"
Gustavo Fernandes Mota Borba,gustavofmb@gmail.com,Constituição Federal,9,2,"29/09/2026, 17:16:18"
Joao Marcello Pedote,jmpedote@gmail.com,Constituição Federal,10,10,"30/09/2026, 09:44:08"
Murilo Marques Silva,murilomarquessilva@live.com,Constituição Federal,6,1,"29/09/2026, 19:38:13"
Vivian Lopes Martins,vivis.lopes@gmail.com,Constituição Federal,10,10,"30/09/2026, 08:39:17"
Andressa Fruet,andressafruet55@gmail.com,Constituição Federal,9,9,"29/09/2026, 11:53:27"
Maria Júlia De Magalhães Abreu Nascimento,mariajuliamanascimento@gmail.com,Constituição Federal,5,0,"28/09/2026, 16:49:19"
Júlio Gonçalves Moreira Fontenele,julhofontenele@gmail.com,Constituição Federal,10,10,"30/09/2026, 07:13:15"
André Moulin Garschagen Assad,andregassad@gmail.com,Constituição Federal,10,10,"30/09/2026, 11:38:22"
Isabella Ramos Moreira,isa-bellaramos@hotmail.com,Constituição Federal,9,9,"29/09/2026, 12:46:46"
Grasielly Elias Da Silva,grasiellyelias@gmail.com,Constituição Federal,7,1,"30/09/2026, 00:08:27"
Nathalia Oliveira,thilicks@hotmail.com,Constituição Federal,8,6,"29/09/2026, 14:26:41"
Cristiane Gomes De Souza,cgomesdesouzabispo@gmail.com,Constituição Federal,5,0,"25/09/2026, 17:09:11"
Maria Clara Oliveira Figueiredo Silva,mariaclara.adv@proton.me,Constituição Federal,9,9,"29/09/2026, 18:28:48"
Maria Clara Correia Santos,mclara.correiaa@gmail.com,Constituição Federal,8,0,"28/09/2026, 11:08:20"
Luciano Neves Silva,luciano.pge2024@gmail.com,Constituição Federal,10,10,"30/09/2026, 08:35:22"
Hugo Soares Trajano,hugotrajano.adv@gmail.com,Constituição Federal,9,9,"29/09/2026, 22:00:51"
Carlos Roberto Domingos Filho,crdomingos.f@hotmail.com,Constituição Federal,2,0,"22/09/2026, 17:58:36"
Antonio Junior Quintino,rjquintino@yahoo.com.br,Constituição Federal,9,8,"29/09/2026, 07:47:44"
Isabelle De Queiroz Xavier Gaboardi,isabellequeiroz.adv@gmail.com,Constituição Federal,10,3,"30/09/2026, 09:17:45"
Bruna Da Silva Menezes,silvamenezesbruna@gmail.com,Constituição Federal,9,9,"29/09/2026, 22:40:45"
Kelly Leslyanne De Souza Ferreira,kelly.ferreira89@gmail.com,Constituição Federal,9,9,"29/09/2026, 07:35:59"
Fernando Camargo Siqueira,fer.cs@terra.com.br,Constituição Federal,8,3,"30/09/2026, 11:32:51"
Jianinny Luz,jianinnyluz@gmail.com,Constituição Federal,9,9,"29/09/2026, 09:00:35"
Marcos Aurélio Alberto,marcos.jur.adv@gmail.com,Constituição Federal,10,2,"30/09/2026, 10:37:27"
Katarina Alexandra Da Silva,katarinaalexandrads@gmail.com,Constituição Federal,10,9,"30/09/2026, 06:55:38"
Jorge Luís Rodrigues De Almeida Batista,jluisalmeida.batista@gmail.com,Constituição Federal,8,0,"28/09/2026, 14:41:08"
Bruna Coelho Portugal Guimarães,adv.brunaportugal@gmail.com,Constituição Federal,10,10,"30/09/2026, 09:00:57"
Carolina Lima De Biagi,carollima03@gmail.com,Constituição Federal,10,10,"30/09/2026, 11:00:41"
Milana Moura,milanamoura.m@gmail.com,Constituição Federal,10,2,"30/09/2026, 11:23:33"
João Marcello Oliveira da Silva Cardoso,joaomarcello774@gmail.com,Constituição Federal,10,10,"30/09/2026, 09:25:57"
Caio Alves Capoani,caiocapoani@gmail.com,Constituição Federal,9,9,"29/09/2026, 10:44:16"
Carlos Alberto Santos Felix,carlosalbertosfrj@gmail.com,Constituição Federal,9,9,"29/09/2026, 22:09:26"
Thiara Cezano Magewski Bastianello,thiara_cm@yahoo.com.br,Constituição Federal,9,9,"29/09/2026, 21:31:05"
Iasmin Lopes,iasminlopes25@gmail.com,Constituição Federal,9,3,"29/09/2026, 10:56:58"
Arthur Alves,arthuralves2128@gmail.com,Constituição Federal,2,0,"22/09/2026, 14:34:32"
Lucas Ribeiro Lima,lucasribeirolima0417@gmail.com,Constituição Federal,9,9,"29/09/2026, 22:21:17"
Luiz Claudio Santa Rosa,luizcsrosa@gmail.com,Constituição Federal,10,10,"30/09/2026, 08:37:15"
Iomilson De Paula Silveira,iomilson@gmail.com,Constituição Federal,1,0,"21/09/2026, 10:04:59"
Leonardo Hering Pedroso,leonardohpedroso@gmail.com,Constituição Federal,5,0,"28/09/2026, 17:53:53"
Julia Da Silva Flores Gomes,flores.gomes1@gmail.com,Constituição Federal,10,10,"30/09/2026, 09:54:47"
Allanna Dajnna,allannadajnna@hotmail.com,Constituição Federal,9,9,"29/09/2026, 20:45:34"
Roberta Bomfim,robertasbomfiml@gmail.com,Constituição Federal,9,9,"29/09/2026, 09:52:33"
Lucas Dos Santos Martins,lucas_martins10@hotmail.com,Constituição Federal,1,0,"21/09/2026, 16:34:02"
Marlos Breno Silva Marinho,mbreno171@gmail.com,Constituição Federal,10,10,"30/09/2026, 10:57:01"
Flavio Teixeira De Andrade,flavioandrade@live.com,Constituição Federal,7,2,"29/09/2026, 22:44:04"
Natália Frazão,nataliafrazaop@gmail.com,Constituição Federal,9,9,"29/09/2026, 21:34:43"
Iara Passos Fontes,iaraf712@hotmail.com,Constituição Federal,9,9,"29/09/2026, 11:06:17"
Renata Carolina Almeida Lima,renata.carolina.net@gmail.com,Constituição Federal,8,0,"28/09/2026, 15:44:29"
Iris Gomes,contatoirisgomes@gmail.com,Constituição Federal,9,9,"29/09/2026, 12:18:36"
João Victor De Almeida Soares,joaoalres@hotmail.com,Constituição Federal,3,0,"23/09/2026, 17:50:59"
Isadora Bamberg,isadora.bamberg@hotmail.com,Constituição Federal,4,0,"24/09/2026, 15:04:06"
Isabella Rocha,isabellalrochaa@gmail.com,Constituição Federal,5,1,"29/09/2026, 11:36:42"
JOSE DJALISSON SANTOS OLIVEIRA,oliveira.eujose@gmail.com,Constituição Federal,2,0,"22/09/2026, 21:37:21"
Cristiano Fernandes Da Silva,cristiano2fernandes@gmail.com,Constituição Federal,9,9,"29/09/2026, 10:28:16"
Márcia Texeira Barbosa,marcia.teixera@gmail.com,Constituição Federal,10,10,"30/09/2026, 09:57:38"
Matheus Gomes Fávaro,matheusgomes0@hotmail.com,Constituição Federal,9,9,"29/09/2026, 09:04:42"
Leony Villela Vilar,leonyvilar@gmail.com,Constituição Federal,9,6,"29/09/2026, 23:57:10"
Ana Vilma Santana Munhoz,anavsm22@gmail.com,Constituição Federal,9,9,"29/09/2026, 16:40:39"
Victor Vicente,victor4vicente@gmail.com,Constituição Federal,9,9,"29/09/2026, 15:55:28"
Willian Marcelo Salgado,willian_msalgado@hotmail.com,Constituição Federal,1,0,"21/09/2026, 10:22:56"
Marina Costa Torres,marina.costa.torres22@gmail.com,Constituição Federal,7,0,"28/09/2026, 19:19:23"
Tiago Santos Simples De Oliveira,tssobahia@gmail.com,Constituição Federal,10,10,"30/09/2026, 06:26:40"
Antonio Salvador Borges Dos Reis Moniz De Aragão,antoniomonizaragao@hotmail.com,Constituição Federal,9,9,"29/09/2026, 21:07:16"
Jessica Silva,jessicaparica@gmail.com,Constituição Federal,9,9,"29/09/2026, 23:02:55"
Camila Martins Maschion,cm.maschion@gmail.com,Constituição Federal,7,1,"29/09/2026, 11:29:50"
Isabela Gurgel,isabelapgurgel@gmail.com,Constituição Federal,4,2,"29/09/2026, 18:50:16"
Luiza Siqueira,luizasiqueira44@gmail.com,Constituição Federal,10,10,"30/09/2026, 09:38:23"
Renata Carvalho,crenatacarvalho@gmail.com,Constituição Federal,1,0,"21/09/2026, 15:20:23"
Grace Seong Joo Kim,grace2000kim@gmail.com,Constituição Federal,5,0,"25/09/2026, 21:09:20"
Guilherme Durães Ferreira,gduraes@id.uff.br,Constituição Federal,9,3,"29/09/2026, 17:00:18"
Alice Teste,alice_paul@icloud.com,Constituição Federal,4,0,"24/09/2026, 18:17:46"
Douglas Figueiredo,douglas.lgnl@gmail.com,Constituição Federal,10,10,"30/09/2026, 08:50:30"
Jullia Caliman,jucalimanvilela@gmail.com,Constituição Federal,10,10,"30/09/2026, 11:17:15"
Iago Saboya De Carvalho Teixeira,iagosc7@hotmail.com,Constituição Federal,9,9,"29/09/2026, 23:13:20"
Maria-Vitória Souza Alencar,mariavitorialencar@gmail.com,Constituição Federal,10,10,"30/09/2026, 10:25:03"
Daiane Behling,daianebehling.adv@gmail.com,Constituição Federal,9,9,"29/09/2026, 12:12:39"
Fabrício Dos Reis Gomes Júnior,fabriciojunior.jus@gmail.com,Constituição Federal,9,2,"29/09/2026, 11:44:23"
Maria Eugênia,maria__08@hotmail.com,Constituição Federal,7,2,"29/09/2026, 10:43:49"
Beatriz Ribeiro Leahy,bialeahy@gmail.com,Constituição Federal,6,0,"26/09/2026, 15:44:10"
Francisco Henrique Mardem Carlos Alves,henrique.alves.mardem@gmail.com,Constituição Federal,2,0,"23/09/2026, 17:11:14"
Samuel Martins Dos Santos,samuelmartinsdossantos.1977@gmail.com,Constituição Federal,9,5,"29/09/2026, 14:55:03"
Filipe Jurandir Olivera De Aguiar,filipeaguiarofc@gmail.com,Constituição Federal,9,9,"29/09/2026, 12:18:11"
Marília Gomes,biagomes01@gmail.com,Constituição Federal,10,10,"30/09/2026, 08:15:13"
Vanessa Cláudia Tavares,nessatavares13@gmail.com,Constituição Federal,10,10,"30/09/2026, 08:35:32"
Raphael De Alencar Batistella,rbatistella7@gmail.com,Constituição Federal,9,9,"29/09/2026, 22:12:13"
Stephanie Gabrielle Neves Santos,stephaniesantosdireito@gmail.com,Constituição Federal,10,10,"30/09/2026, 10:12:05"
Nayara Alves Cordeiro,nayaraacordeiro@gmail.com,Constituição Federal,8,0,"28/09/2026, 18:50:42"
Débora Carolina Costa Magno,debora_magno@hotmail.com,Constituição Federal,10,6,"30/09/2026, 10:31:47"
Camila Daby Ferreira Soares,dabycamila@gmail.com,Constituição Federal,9,3,"29/09/2026, 18:22:15"
Daniel Albino Rangel Araujo,danielaraujoo@hotmail.com,Constituição Federal,9,9,"29/09/2026, 09:54:32"
David Aser,asherdavidbl@gmail.com,Constituição Federal,5,0,"27/09/2026, 14:17:42"
Lucas Martins Machado Ferreira,lucasmartinsmferreira@gmail.com,Constituição Federal,9,1,"29/09/2026, 19:27:53"
Leonardo Bensch,benschleonardo@gmail.com,Constituição Federal,6,0,"26/09/2026, 15:16:54"
Diego De Assis Cerqueira,diegodeassiscerqueira@gmail.com,Constituição Federal,8,0,"28/09/2026, 14:59:29"
Fernanda Lage Lauriano,fernandalagelauriano@gmail.com,Constituição Federal,9,9,"29/09/2026, 09:08:45"
Eduardo Dos Santos,ed.santos.direito@gmail.com,Constituição Federal,9,9,"29/09/2026, 12:48:14"
ALESSANDRO EDUARDO FONSECA,alessandrofonseca.adv@gmail.com,Constituição Federal,6,0,"26/09/2026, 22:44:50"
Anna Clara Nascimento,annaclara.sn2016@gmail.com,Constituição Federal,6,0,"28/09/2026, 20:09:03"
Davi De Castro Braga,davi.adv@outlook.com.br,Constituição Federal,10,10,"30/09/2026, 07:13:17"
Amanda Verissimo Almeida Vale,amandaverissimov.adv@gmail.com,Constituição Federal,9,9,"29/09/2026, 15:37:58"
Nara Juliana Oliveira De Sá,narajuju_sa@hotmail.com,Constituição Federal,9,3,"29/09/2026, 21:25:36"
Ramon Tabosa Pinto,ramontabosap@gmail.com,Constituição Federal,4,0,"24/09/2026, 23:12:31"
Ivo Naves Silva Rosa,ivo.nsr@gmail.com,Constituição Federal,8,2,"29/09/2026, 20:05:48"
Leonardo Marques Lima Costa,leomlc900@gmail.com,Constituição Federal,3,0,"24/09/2026, 11:32:29"
Felipe Canan,felipe_canan@hotmail.com,Constituição Federal,6,0,"28/09/2026, 11:56:38"
Anaclara Da Silva Reis,ac.reis00@gmail.com,Constituição Federal,6,2,"29/09/2026, 21:56:45"
Isadora,isadoramarquescf@gmail.com,Constituição Federal,9,9,"29/09/2026, 10:52:49"
Lucas Hilario Moraes Dos Santos,lucas.hilario21@gmail.com,Constituição Federal,2,0,"22/09/2026, 13:30:51"
Clodoaldo Cardoso Leite Júnior,clodoaldocardosoleite@gmail.com,Constituição Federal,9,9,"29/09/2026, 21:57:42"
Amanda Navajas Hilsenrath,amanda.navajas@gmail.com,Constituição Federal,10,10,"30/09/2026, 07:01:08"
André Campo,andre.braz.campo@gmail.com,Constituição Federal,1,0,"21/09/2026, 14:01:31"
Paula França,paulinha.francas@yahoo.com.br,Constituição Federal,9,9,"29/09/2026, 17:31:29"
Karina Moreira,karinamoreirarmaterialconcurso@gmail.com,Constituição Federal,9,6,"30/09/2026, 09:51:11"
Jeronimo Samita Waldschmidt Maia,samitamaia@gmail.com,Constituição Federal,10,10,"30/09/2026, 11:35:26"
Iza Florêncio de Carvalho,izaflorencioadv@gmail.com,Constituição Federal,9,2,"30/09/2026, 08:48:39"
Tatiane Queiroz,tatianeaq@hotmail.com,Constituição Federal,9,3,"29/09/2026, 22:54:51"
Raquel Mendes Carvalho Rodrigues,kellmcr@gmail.com,Constituição Federal,9,9,"29/09/2026, 22:13:17"
Ian Dos Santos Oliveira Milhomen,ianmilhomen@gmail.com,Constituição Federal,4,0,"24/09/2026, 10:10:25"
Gabriela Parra Santilio,advgabrielaparra@gmail.com,Constituição Federal,3,0,"23/09/2026, 22:51:50"
João Paulo Ferreira Ramos Da Silva,joaopramos06@gmail.com,Constituição Federal,9,3,"29/09/2026, 14:19:47"
Luciana Rawicz,luciana.rawicz@gmail.com,Constituição Federal,9,1,"29/09/2026, 10:36:36"
Nátally Rodrigues Bernardes,natallybernardes@gmail.com,Constituição Federal,9,2,"29/09/2026, 23:58:58"
Fernanda Duarte,fernandaduarte.freitas@outlook.com,Constituição Federal,4,0,"24/09/2026, 10:45:06"
Mariano F Britto,marianobritto@gmail.com,Constituição Federal,9,2,"29/09/2026, 11:01:04"
João Queiroz,joaokeroz@hotmail.com,Constituição Federal,7,0,"28/09/2026, 17:58:27"
Rosenil Máximo Dos Santos,ross.maximo@hotmail.com,Constituição Federal,8,4,"30/09/2026, 02:48:21"
Wellyn Nascimento,wellyn.nascimento@gmail.com,Constituição Federal,10,10,"30/09/2026, 09:43:55"
Vanessa De Oliveira Lemos Freitas,vlemos.freitas@gmail.com,Constituição Federal,4,0,"25/09/2026, 12:37:41"
Anita Silva,anitagabrieladeoliveira@gmail.com,Constituição Federal,9,9,"29/09/2026, 09:44:18"
Gardênia Barbosa Reis Cavalcante,gard13.cavalcante@gmail.com,Constituição Federal,10,10,"30/09/2026, 04:55:14"
Igor Lopes Dos Santos,igor.dmqt@live.com,Constituição Federal,10,10,"30/09/2026, 05:05:03"
Jessé Almeida Guerra,jesseguerra@gmail.com,Constituição Federal,10,3,"30/09/2026, 06:37:48"
Jean Afonso,jeansfonso68@gmail.com,Constituição Federal,9,9,"29/09/2026, 21:31:02"
Beatriz Lima,beatrizmariarlima@gmail.com,Constituição Federal,9,9,"29/09/2026, 14:43:15"
Otaviano Carvalho,otaviano.igor@gmail.com,Constituição Federal,9,9,"29/09/2026, 16:20:45"
Maria Eduarda Baldi,mariabaldi_@hotmail.com,Constituição Federal,9,9,"29/09/2026, 07:47:27"
Beatriz Monteiro,beatrizzmonteiro061@gmail.com,Constituição Federal,3,0,"24/09/2026, 23:54:17"
Nathália Cristina Sérgio Avelino,acessomjc@gmail.com,Constituição Federal,9,9,"29/09/2026, 21:41:51"
Humayra Mayumi Kataiama Hoji,humayrakataiama@gmail.com,Constituição Federal,8,1,"29/09/2026, 22:43:44"
Thaísa Vianna,thaisavianna87@gmail.com,Constituição Federal,9,9,"29/09/2026, 06:44:20"
João Vitor Ferreira Batista,joaovitorfb.adv@gmail.com,Constituição Federal,9,9,"29/09/2026, 12:24:54"
Chen Li Wen,liwenlatta@gmail.com,Constituição Federal,9,9,"29/09/2026, 22:23:01"
Luis Felipe Cabrera Rodrigues,luisfcabrera@outlook.com,Constituição Federal,10,10,"30/09/2026, 11:32:49"
Camilla Linson,camilla.linson@hotmail.com,Constituição Federal,10,10,"30/09/2026, 09:41:25"
Naiara Lima,naiaradelima23@gmail.com,Constituição Federal,6,0,"26/09/2026, 14:14:53"
Lisiane Santos Francelino Sebben,lsfsebben@gmail.com,Constituição Federal,10,10,"30/09/2026, 05:53:03"
Gerson Chiang,chiang.gerson@gmail.com,Constituição Federal,6,2,"29/09/2026, 18:01:29"
Camila Sales Gonçalves,camilasalesg@hotmail.com,Constituição Federal,9,9,"29/09/2026, 19:36:13"
Susy Dayanne Ferrari Kuradomi Teixeira Rocha,susy.rocha@hotmail.com,Constituição Federal,8,0,"28/09/2026, 13:58:27"
Daví Vinícius Freitas Goudinho,davi.goudinho@gmail.com,Constituição Federal,9,9,"29/09/2026, 22:25:41"
Livia Trindade,livtrindades2002@gmail.com,Constituição Federal,10,10,"30/09/2026, 08:32:44"
Lara Nery Oliveira Cerqueira Leal,laraneryleal@gmail.com,Constituição Federal,9,7,"29/09/2026, 19:13:38"
Lucas Teles Monteiro Carvalho,lucastmcarvalho@gmail.com,Constituição Federal,8,2,"29/09/2026, 10:49:15"
Heloísa Felippe Delgado,heloisafelippedelgado@gmail.com,Constituição Federal,1,0,"21/09/2026, 17:43:38"
Isabella Diniz Da Rocha,isabelladiniz.rocha@gmail.com,Constituição Federal,9,9,"29/09/2026, 23:45:06"
Carla Pinheiro,c.pinheirolima@gmail.com,Constituição Federal,9,1,"30/09/2026, 00:09:21"
Izadora Caroline Costa,izadoracostad@gmail.com,Constituição Federal,9,2,"29/09/2026, 19:27:23"
Leonardo Aguiar,leonardoaguiar3001@gmail.com,Constituição Federal,8,2,"30/09/2026, 11:01:53"
Carolina Castro Santos De Lima,carolcsl95@gmail.com,Constituição Federal,2,0,"22/09/2026, 22:09:27"
Joel Ananias Dos Santos Neto,joel-ananias@hotmail.com,Constituição Federal,9,9,"29/09/2026, 12:34:20"
Amanda Dos Santos Nascimento,amandasnsc@hotmail.com,Constituição Federal,10,10,"30/09/2026, 10:43:54"
Luísa Souza Cruzeiro,luisacruzeiro2002@gmail.com,Constituição Federal,10,3,"30/09/2026, 06:00:30"
Luiz Eduardo Bicalho Da Silva,luiz.eduardo.dir11@gmail.com,Constituição Federal,10,10,"30/09/2026, 09:03:27"
Juliana Caruso Puchta,julianacarusopuchta@gmail.com,Constituição Federal,10,10,"30/09/2026, 08:18:32"
Gabriel Siloé De Souza Tavares,gabrielsiloe09@gmail.com,Constituição Federal,5,0,"25/09/2026, 13:25:22"
Beatriz Calixto De Jesus,beatrizpozani@gmail.com,Constituição Federal,9,1,"29/09/2026, 08:32:24"
Letícia Shubert Marques,leticia_shubert@hotmail.com,Constituição Federal,9,9,"29/09/2026, 10:34:41"
Mikaella Mota Ferreira,mikaellamotaferreira@hotmail.com,Constituição Federal,6,2,"29/09/2026, 20:08:54"
Paula Gabriela Ferreira Barbosa,pgbarbosaf@gmail.com,Constituição Federal,9,9,"29/09/2026, 15:36:37"
Giani Lucas,gianiluk@gmail.com,Constituição Federal,10,5,"30/09/2026, 09:21:26"
Suzana Almeida Valadao,savgdm@gmail.com,Constituição Federal,10,3,"30/09/2026, 11:05:42"
Larissa Soares,lalylima@gmail.com,Constituição Federal,9,2,"29/09/2026, 17:11:39"
Ricardo Delgado Preti,preti_ricardo@hotmail.com,Constituição Federal,9,9,"29/09/2026, 09:16:05"
Diana Louise Teixeira  Pinto Franco,dltpinto@gmail.com,Constituição Federal,9,1,"30/09/2026, 00:08:35"
Isabella Gobbo Perin,isabellagperin@gmail.com,Constituição Federal,10,10,"30/09/2026, 10:48:12"
Roque Ferreira da Silva Júnior,roquejunior@hotmail.com,Constituição Federal,2,0,"22/09/2026, 19:14:25"
Renan Da Silva Rangel,renansrangel@yahoo.com.br,Constituição Federal,7,0,"27/09/2026, 20:27:43"
Isabelle Sa De Sena,isabellesena@hotmail.com,Constituição Federal,2,0,"22/09/2026, 22:21:23"
Daniel Porto De Araújo,danielportoaraujoo@gmail.com,Constituição Federal,10,10,"30/09/2026, 09:53:05"
Nicolli Di Piero Droppa,dipieronicolli@gmail.com,Constituição Federal,10,10,"30/09/2026, 10:58:13"
Lucas Marcelo Da Silva,llucasmarceloo@gmail.com,Constituição Federal,7,2,"30/09/2026, 11:41:23"
Francisco Xavier Monteiro Da Franca Junior,franciscofrancajr@hotmail.com,Constituição Federal,10,5,"30/09/2026, 06:06:20"
Carlos Alberto Rodrigues Lins Júnior,linsjunior03@gmail.com,Constituição Federal,9,9,"30/09/2026, 11:02:33"
Jane Paula De Sousa,janepauladesousa@yahoo.com.br,Constituição Federal,10,10,"30/09/2026, 08:52:27"
Nathália Sabrina Gomes Sobral,nathaliasobral_@hotmail.com,Constituição Federal,10,3,"30/09/2026, 11:09:44"
Samuel Boehler Soares,samuelboehler@gmail.com,Constituição Federal,10,10,"30/09/2026, 10:59:07"
Viviane Taís Azoia,vivianeazoia@gmail.com,Constituição Federal,9,9,"29/09/2026, 13:59:07"
Ana Luiza Braga Cavalcanti,ana.luiza.braga@hotmail.com,Constituição Federal,1,0,"21/09/2026, 16:00:32"
Mariana Coutinho,maricscoutinho@hotmail.com,Constituição Federal,9,9,"29/09/2026, 17:09:48"
Adriano Cesar Soares Pires,adrianorio281@gmail.com,Constituição Federal,10,10,"30/09/2026, 11:24:15"
Paulo Betarelle,paulobetarelle@gmail.com,Constituição Federal,9,9,"29/09/2026, 06:33:18"
Julia Tupynamba Duarte,julia.tupynamba@hotmail.com,Constituição Federal,8,0,"28/09/2026, 16:16:22"
Hytallo Barbosa da Costa,hytallobdc@gmail.com,Constituição Federal,3,0,"23/09/2026, 14:18:41"
Aline Cecilia Ximenes De Andrade Bilbao,aline.cximenes@gmail.com,Constituição Federal,6,0,"26/09/2026, 11:02:43"
Patricia Siervo Freitas,patriciasiervo@gmail.com,Constituição Federal,9,9,"29/09/2026, 21:35:57"
Maria Antônia Chaves Reis Rezende Dutra,mariaantoniadutra12@gmail.com,Constituição Federal,10,5,"30/09/2026, 11:49:13"
Veronica Medeiros,veronica.mmedeiros@hotmail.com,Constituição Federal,6,1,"29/09/2026, 10:50:19"
Flávia Santos,fjojo1807@gmail.com,Constituição Federal,2,0,"23/09/2026, 12:08:17"
Amanda Da Costa Soares,dcostasoaresamanda@gmail.com,Constituição Federal,10,10,"30/09/2026, 07:27:23"
Natália Santos,natalia.castrosantos@gmail.com,Constituição Federal,9,9,"29/09/2026, 17:03:26"
Bruno Chiabai,brunochiabai46@gmail.com,Constituição Federal,9,3,"29/09/2026, 20:02:58"
Guilherme Dobo,guilhermedobo@gmail.com,Constituição Federal,10,5,"30/09/2026, 10:30:27"
Igor Coelho Bezerra De Carvalho,igorcoelhobcarvalho@gmail.com,Constituição Federal,10,7,"30/09/2026, 10:39:54"
Alessandra M Barreto,ambarretoadv@hotmail.com,Constituição Federal,8,0,"28/09/2026, 11:59:20"
Ana Carolina Da Silva,anenha_@hotmail.com,Constituição Federal,9,1,"29/09/2026, 23:39:38"
Guilherme Bonfim Cerqueira,bonfim.guilherme.c@gmail.com,Constituição Federal,9,2,"29/09/2026, 23:29:57"
Anelúcia Morais Viana,anemorais.procuradorias@gmail.com,Constituição Federal,1,0,"23/09/2026, 14:09:57"
Raphael Augusto Guedes De Oliveira Farherr,rphlgs@gmail.com,Constituição Federal,9,9,"29/09/2026, 12:05:13"
ARMANDO SOARES,armandobsf@gmail.com,Constituição Federal,2,0,"22/09/2026, 14:14:13"
Vinícius Merchiori Forte,viniciusmerchioriforte@gmail.com,Constituição Federal,10,10,"30/09/2026, 11:30:37"
Lucas Mondaini Bezerra,lucasmondaini@gmail.com,Constituição Federal,9,9,"29/09/2026, 01:08:45"
Diego De Oliveira Griza,diegogriza@gmail.com,Constituição Federal,10,10,"30/09/2026, 09:56:29"
Sílvia Souza Santos Vasconcelos,sill_b612@hotmail.com,Constituição Federal,10,10,"30/09/2026, 11:29:17"
Thiago Furtado,ofthiago21@gmail.com,Constituição Federal,5,2,"29/09/2026, 09:47:09"
Mônica Alencar,moalencar18@gmail.com,Constituição Federal,10,3,"30/09/2026, 02:47:00"
Vitória Luísa Albuquerque,vitorialuisaalbuquerque@gmail.com,Constituição Federal,9,3,"29/09/2026, 09:37:21"
Janaina Ribeiro,janaapribeiro@gmail.com,Constituição Federal,9,9,"29/09/2026, 11:10:59"
Joao Giunco,jfgiunco@gmail.com,Constituição Federal,10,3,"30/09/2026, 07:49:20"
Thiago Lisboa,thilisb@gmail.com,Constituição Federal,9,7,"29/09/2026, 22:49:56"
Rafael José Alves Barboza,rafaeljbarboza@gmail.com,Constituição Federal,9,9,"29/09/2026, 21:24:42"
Caio Felipe Baptista Coelho,bapcaio@gmail.com,Constituição Federal,9,2,"29/09/2026, 14:23:04"
Edson José Borges,borgesedson1006@gmail.com,Constituição Federal,1,0,"21/09/2026, 17:41:02"
Renato Nonato Xavier Sobrinho,renatoxaviersadv@gmail.com,Constituição Federal,9,9,"29/09/2026, 18:04:26"
Nicole Alves,niccalves@hotmail.com,Constituição Federal,4,0,"26/09/2026, 19:31:21"
Gabriel De Melo Santana,gabriel.demelo.santana@gmail.com,Constituição Federal,9,9,"29/09/2026, 18:48:39"
Agamenon Sobral Freitas Filho,agasobral98@gmail.com,Constituição Federal,10,10,"30/09/2026, 10:22:55"
Gilson Freitas,gilson_freitas@hotmail.com,Constituição Federal,9,5,"29/09/2026, 18:43:19"
Welber Silva Santos,welber96@hotmail.com,Constituição Federal,9,9,"29/09/2026, 21:47:57"
Pollyanna Santos Silva E Silva,pollyannaprofadv@gmail.com,Constituição Federal,3,0,"30/09/2026, 11:51:46"
Valéria Kotacho Lopes,valeriaklopes@gmail.com,Constituição Federal,9,8,"29/09/2026, 20:20:54"
Úrsula Moreira De Carvalho,ursulamc@gmail.com,Constituição Federal,9,6,"29/09/2026, 13:29:16"
Samanta Dorote Goncalves Fernandes,dorotesamanta@gmail.com,Constituição Federal,9,9,"29/09/2026, 22:05:26"
Ester Cardoso,eccalexandrino@gmail.com,Constituição Federal,1,0,"21/09/2026, 20:43:34"
Valéria Da Costa Mourão,vavacm@gmail.com,Constituição Federal,9,3,"29/09/2026, 11:46:59"
Aline Soares De Lima Soares,alinesdlima1@gmail.com,Constituição Federal,9,4,"29/09/2026, 20:56:48"
Lorena Escher,lorenaescher@hotmail.com,Constituição Federal,10,10,"30/09/2026, 09:11:17"
Anna Carolina C C Guimaraes,annacarolinacguimaraes@gmail.com,Constituição Federal,10,10,"30/09/2026, 11:53:29"
Eduardo Alves Medeiros,eduardoalvesmedeiros@hotmail.com,Constituição Federal,8,1,"30/09/2026, 09:04:33"
Bruna Lorena Pinheiro Lemes,blemes1995@gmail.com,Constituição Federal,9,2,"29/09/2026, 12:08:39"
Lara Gabriela Oliveira Melo,laragabrielaomelo@gmail.com,Constituição Federal,9,9,"29/09/2026, 23:49:50"
Anderson Jorge Da Silva,andersonjorgesilva@gmail.com,Constituição Federal,10,10,"30/09/2026, 05:50:38"
Pedro Lucio Soares Correia,pedroluciosc@hotmail.com,Constituição Federal,3,0,"23/09/2026, 15:55:41"
Roberto Santos Cavalcanti,roberto_cavalcanti@hotmail.com,Constituição Federal,10,10,"30/09/2026, 01:52:35"
Elaine Paizinho,elaine.paizinho@gmail.com,Constituição Federal,10,3,"30/09/2026, 07:16:43"
Aline Vanin,alinevanin95@gmail.com,Constituição Federal,10,10,"30/09/2026, 10:06:12"
Gustavo Almeida Da Silva,gugalmeida.s@gmail.com,Constituição Federal,9,9,"29/09/2026, 21:55:02"
Dion Souto Villar Neto,dionsouto@gmail.com,Constituição Federal,4,0,"27/09/2026, 09:31:47"
Luis Fernando Carvalho Da Silva,cluisfernando661@gmail.com,Constituição Federal,9,9,"29/09/2026, 16:54:38"
Daniela Pontes,danielavpontes2208@gmail.com,Constituição Federal,9,9,"29/09/2026, 20:59:26"
Leticia Cordeiro,leticiacordeiro.flores@gmail.com,Constituição Federal,9,9,"29/09/2026, 10:54:15"
Djana Sborquia de Matos,djanasmatos@gmail.com,Constituição Federal,1,0,"21/09/2026, 16:25:26"
Guilherme Kieling,guilhermehkfernandes@gmail.com,Constituição Federal,6,0,"26/09/2026, 09:57:08"
Reinaldo Cruz,reinaldo.rvcn@gmail.com,Constituição Federal,4,0,"24/09/2026, 21:58:01"
Sofia Magalhães Carneiro,sofiamagalhaesc@gmail.com,Constituição Federal,9,9,"29/09/2026, 23:17:28"
Octavio Silveira,octaviobartah@gmail.com,Constituição Federal,8,0,"28/09/2026, 21:36:17"
Pedro Paulo Trindade Farias,pedroptfarias@gmail.com,Constituição Federal,9,3,"29/09/2026, 09:56:31"
Nathalia Agazzi Gaioto,nathaliagaiotoadv@gmail.com,Constituição Federal,7,1,"30/09/2026, 10:31:24"
Marina Pereira Dantas,marinapereiradantas.adv@gmail.com,Constituição Federal,10,4,"30/09/2026, 11:02:38"
Lúcio Duarte,lucioraduarte@gmail.com,Constituição Federal,8,2,"29/09/2026, 15:01:25"
Juliana Ribeiro,juliana.jugori@gmail.com,Constituição Federal,4,0,"28/09/2026, 10:23:04"
Thalissa Mendes,mxt.concursos@gmail.com,Constituição Federal,9,9,"29/09/2026, 20:41:55"
Lucas De Carvalho Camatta Rangel,lucascamatta.adv@gmail.com,Constituição Federal,10,10,"30/09/2026, 11:27:52"
Júlio César Santos França,juliocesarfranca@outlook.com,Constituição Federal,9,9,"29/09/2026, 20:48:31"
Cinthia Thamony Vilela Capuchinho,capuchinhocinthia@yahoo.com,Constituição Federal,9,9,"29/09/2026, 15:53:24"
Carolina Streit Morsch,carol.s.morsch@gmail.com,Constituição Federal,9,2,"29/09/2026, 11:18:38"
Mariana Sasso,marianasasso.adv@gmail.com,Constituição Federal,9,9,"29/09/2026, 22:21:56"
Herson Wandler Da Silveira Cougo,hcougo84@gmail.com,Constituição Federal,9,9,"29/09/2026, 23:04:41"
Joana Amorim Guterres Ferreira,joamorimgut@gmail.com,Constituição Federal,9,6,"29/09/2026, 09:54:15"
Maria Moitinho,victoriatmoitinho@gmail.com,Constituição Federal,4,0,"24/09/2026, 23:57:39"
Rayner Gratz Fiorotti,rayner09@gmail.com,Constituição Federal,8,2,"29/09/2026, 01:18:36"
Mariana Fillietaz,fillietazm@gmail.com,Constituição Federal,4,0,"25/09/2026, 20:33:37"
Túlio Lopes,tulioteix97@gmail.com,Constituição Federal,2,0,"22/09/2026, 21:15:12"
Mariana Freiria Dallacqua,marianaadallacqua@gmail.com,Constituição Federal,10,10,"30/09/2026, 07:22:36"
Vinicius Neves,viniciuslimaf@gmail.com,Constituição Federal,4,0,"24/09/2026, 10:03:26"
Sabrina Mendes De Faria,sabrinamfaria@gmail.com,Constituição Federal,7,2,"30/09/2026, 11:12:25"
Victor Hugo Farnesi,victorhugofarnesi@gmail.com,Constituição Federal,10,10,"30/09/2026, 06:43:40"
Mariana Haddad Vilhena,marihv26@gmail.com,Constituição Federal,8,0,"28/09/2026, 12:15:34"
Bruno Mazon Dos Santos,bruno_mazon@hotmail.com,Constituição Federal,9,9,"29/09/2026, 23:09:24"
Leony Nascimento,leonylima18@gmail.com,Constituição Federal,1,0,"21/09/2026, 12:14:43"
Letícia Moreira Santos Sampaio,marokinha23@gmail.com,Constituição Federal,2,0,"22/09/2026, 17:59:44"
Robson Do Nascimento Ribeiro,robson_mbs@hotmail.com,Constituição Federal,8,2,"29/09/2026, 19:33:03"
Jamille Lima,jamillecalima@gmail.com,Constituição Federal,1,0,"21/09/2026, 12:25:58"
Gabriel Bonsaglia,gabriel.bacosta@gmail.com,Constituição Federal,9,9,"29/09/2026, 11:50:06"
Gabriel Salomão Spier,gsspier@gmail.com,Constituição Federal,8,0,"28/09/2026, 11:57:06"
Roberto De Souza Cruz,advocaciarsc@gmail.com,Constituição Federal,10,10,"30/09/2026, 11:04:04"
Calebe Sass,calebe.sass@gmail.com,Constituição Federal,6,0,"26/09/2026, 16:04:10"
Alessandra Carvalho,carvalho_alessandraa@outlook.com,Constituição Federal,10,10,"30/09/2026, 07:40:27"
Julliana Monteiro Lessa Neto,julliana.lessa@hotmail.com,Constituição Federal,10,10,"30/09/2026, 09:35:47"
Francisco Robson Araújo Pedroza,f.robsonpedroza@gmail.com,Constituição Federal,9,9,"29/09/2026, 17:36:49"
Rodrigo Da Silva Andrade,rodrigodeandrade10@gmail.com,Constituição Federal,5,0,"27/09/2026, 10:03:20"
Welencrisley Araújo Moura,wellencrisley@hotmail.com,Constituição Federal,9,9,"29/09/2026, 14:09:43"
Pedro Erdtmann Maia,pedroerdtmann@gmail.com,Constituição Federal,9,9,"29/09/2026, 12:28:24"
Lucas De Oliveira Correia,correialucas187@gmail.com,Constituição Federal,9,9,"29/09/2026, 18:36:28"
Breno Matheus Farias de Sousa,brenofariasousa@gmail.com,Constituição Federal,5,0,"25/09/2026, 17:27:46"
Halyne Cristina Guedes Silveira Rocha,halyneguedes@gmail.com,Constituição Federal,9,9,"30/09/2026, 11:53:20"
Stephany Amaral,stephanytrf1@gmail.com,Constituição Federal,10,1,"30/09/2026, 09:54:32"
Priscila Knoop,prittknoop@gmail.com,Constituição Federal,7,2,"29/09/2026, 23:13:38"
José Ricardo Da Silva Vitor,jose_richard3011@hotmail.com,Constituição Federal,6,0,"27/09/2026, 21:49:11"
Juliano Pereira Dos Santos Abrahão,julianopsa2013@gmail.com,Constituição Federal,10,10,"30/09/2026, 07:31:59"
Julierme Nascimento,juliermeigor@gmail.com,Constituição Federal,7,0,"28/09/2026, 16:44:08"
bruno,brunogarz@outlook.com,Constituição Federal,6,2,"29/09/2026, 17:04:13"
Eduarda De Souza Faria,eduardafaria.esf@gmail.com,Constituição Federal,3,0,"23/09/2026, 10:28:50"
Andrezza Lopes Pessoa,andrezzalopes20@gmail.com,Constituição Federal,9,1,"30/09/2026, 10:51:54"
Ingrid Arantes,ingridarantes03@gmail.com,Constituição Federal,5,0,"25/09/2026, 13:46:42"
Mayra Cavagliere,mayracavagliere@gmail.com,Constituição Federal,4,0,"25/09/2026, 17:20:48"
Itayana Carla Pereira Da Silva Barrozo,itayana.adv@gmail.com,Constituição Federal,9,9,"29/09/2026, 12:32:34"
Karla Amorim Tomé,karla2morim@gmail.com,Constituição Federal,8,5,"29/09/2026, 17:53:50"
Luiz Felipe Gago Lompreta,luizlompreta1704@gmail.com,Constituição Federal,2,0,"22/09/2026, 22:49:54"
Paulo De Lima Dantas,paulodan_lima@yahoo.com.br,Constituição Federal,9,9,"29/09/2026, 20:56:57"
Laís Castilho Barreto,laiscastilhobarreto@gmail.com,Constituição Federal,9,4,"29/09/2026, 23:17:32"
Rulian Souza,ruliansouza@gmail.com,Constituição Federal,9,9,"29/09/2026, 20:55:19"
Suelen Ponce,suelenponce123@gmail.com,Constituição Federal,1,0,"21/09/2026, 21:03:48"
Kaciara Vanderley Veiga De Miranda,kaciaramiranda@gmail.com,Constituição Federal,9,9,"29/09/2026, 16:27:13"
Marcelo Doneda Losso,donedalosso@gmail.com,Constituição Federal,4,0,"24/09/2026, 13:44:08"
Bruno Silveira Vilanova,brunovilanova11@gmail.com,Constituição Federal,9,9,"29/09/2026, 15:30:58"
João Lucas Ribeiro Da Costa,joaolucsr@gmail.com,Constituição Federal,7,0,"27/09/2026, 21:41:09"
Joao Pedro De Andrade Maia,joaopedro020702@gmail.com,Constituição Federal,9,1,"29/09/2026, 19:39:17"
Caio Ramos Matos,crmatos01@gmail.com,Constituição Federal,10,10,"30/09/2026, 11:16:48"
Natália Cristaldo Fogaça,natycfog@gmail.com,Constituição Federal,6,0,"26/09/2026, 20:36:15"
Maria Clara,mclaravasconcelossilveira@gmail.com,Constituição Federal,2,0,"24/09/2026, 14:35:26"
Izabella Mesquita Mariani Machado,izabellamariani13@gmail.com,Constituição Federal,10,10,"30/09/2026, 06:57:01"
Allana Rodrigues Da Cruz,allanarodrigues07@hotmail.com,Constituição Federal,9,9,"29/09/2026, 22:39:23"
André Bretas França,brettas20@gmail.com,Constituição Federal,7,0,"28/09/2026, 15:07:27"
Deyvison Castelo,dscsouza@gmail.com,Constituição Federal,7,3,"30/09/2026, 01:05:07"
Gabriel Bittar,gabrielfjbittar@gmail.com,Constituição Federal,9,9,"29/09/2026, 20:22:17"
Mathews Ottho,mathews_schutze@hotmail.com,Constituição Federal,9,4,"29/09/2026, 19:06:20"
Livia Marques,liviamarques1504@gmail.com,Constituição Federal,9,9,"29/09/2026, 20:27:43"
Ruhan,rfmconcursos2025@gmail.com,Constituição Federal,10,10,"30/09/2026, 08:33:44"
Rian Daniel Santa Croce,riandaniel1993@gmail.com,Constituição Federal,9,9,"29/09/2026, 08:58:47"
Aline Boechat Saraiva,alinebsaraiva@yahoo.com.br,Constituição Federal,6,0,"26/09/2026, 13:48:04"
Swellen Cardoso,swtcardoso@gmail.com,Constituição Federal,9,2,"29/09/2026, 18:54:46"
Renato Fonseca Do Amaral,rent.amaral@gmail.com,Constituição Federal,10,10,"30/09/2026, 11:26:38"
Alisson Cristiano Gerhard,alissongerhard@gmail.com,Constituição Federal,9,9,"29/09/2026, 14:43:44"
Alan Varjão,alanjeffersonvarjao17@gmail.com,Constituição Federal,2,0,"22/09/2026, 23:19:32"
Leila Cássia Da Silva Nascimento,leilacassianascimento388@gmail.com,Constituição Federal,9,9,"29/09/2026, 20:14:03"
Janaina Gomes Litwak,janainalitwak@gmail.com,Constituição Federal,10,10,"30/09/2026, 03:21:56"
Su Gw,susanagercwolf@gmail.com,Constituição Federal,7,0,"27/09/2026, 18:45:31"
Natalia Roese,nataliaroese@hotmail.com,Constituição Federal,10,10,"30/09/2026, 10:49:28"
Etevaldo Martins Cunha Neto,etevaldo.cunha@gmail.com,Constituição Federal,2,0,"22/09/2026, 21:38:11"
Douglas De Lima,lima.ddl22@gmail.com,Constituição Federal,7,0,"27/09/2026, 12:33:16"
Flávia Renata Feitosa Carneiro,frunipesq@gmail.com,Constituição Federal,9,9,"29/09/2026, 21:07:27"
VINICIUS SEIJI DE OLIVEIRA SATO,viniciusseijisato@icloud.com,Constituição Federal,2,0,"22/09/2026, 21:07:34"
José Alves,alvessjose@outlook.com,Constituição Federal,3,0,"23/09/2026, 22:33:59"
Bruno César Dos Santos Guimarães,bruno.cesar.direito@gmail.com,Constituição Federal,9,9,"29/09/2026, 22:26:37"
Daniel Almeida Silva Martins,dasmartins@gmail.com,Constituição Federal,9,2,"29/09/2026, 11:56:52"
Aline Hillesheim,alineh35817@gmail.com,Constituição Federal,5,1,"29/09/2026, 21:24:50"
Henrique Carlos Da Silva,ique2006@yahoo.com.br,Constituição Federal,9,9,"29/09/2026, 16:41:42"
Eriverton Souza,erivertonsouza@gmail.com,Constituição Federal,7,2,"29/09/2026, 20:37:14"
Camila Borges dos Santos,camilaborgessantos@hotmail.com,Constituição Federal,9,9,"29/09/2026, 22:09:52"
Warton Valentim Da Silva,wartonvalentim@gmail.com,Constituição Federal,2,0,"22/09/2026, 08:27:40"
Marcelle Carvalho,cellezinha89@hotmail.com,Constituição Federal,3,0,"23/09/2026, 23:45:26"
Maria Eduarda Torato Apolinário,mariaeduardatorato@gmail.com,Constituição Federal,9,9,"29/09/2026, 08:43:36"
Sueli Silveira,suelifsilveira@yahoo.com.br,Constituição Federal,9,9,"29/09/2026, 23:27:10"
Pedro Henrique Motta Muniz,pedrohmotta@live.com,Constituição Federal,9,9,"29/09/2026, 10:32:23"
EDSON DA SILVA ALMEIDA,edsonmcz86@hotmail.com,Constituição Federal,6,0,"28/09/2026, 07:54:10"
Stephanies Gregorio Carlos,stephgregorio1@gmail.com,Constituição Federal,10,10,"30/09/2026, 11:48:16"
Liliane Azevedo Alcântara Seabra,alc_liliane@hotmail.com,Constituição Federal,9,9,"30/09/2026, 10:58:08"
Diego Francisco De Macedo Holanda,dfmholandda@gmail.com,Constituição Federal,9,9,"29/09/2026, 19:42:43"
Marcelo Araújo,celoac94@gmail.com,Constituição Federal,10,10,"30/09/2026, 09:26:05"
Saulo Neves,saulovneves@gmail.com,Constituição Federal,3,0,"23/09/2026, 09:54:46"
Leo Fuzzatti,leo.fuzzatti7@gmail.com,Constituição Federal,9,9,"29/09/2026, 22:33:21"
Francieli Meotti,francielimeotti@gmail.com,Constituição Federal,9,1,"30/09/2026, 10:38:36"
Tiago Araújo De Medeiros,tiagoarauj85@gmail.com,Constituição Federal,9,9,"29/09/2026, 22:41:46"
Vinícius Barroso Soares,viniciusauditorfiscal13@gmail.com,Constituição Federal,9,2,"29/09/2026, 18:53:27"
Jéssica Fonseca Machado,jfmaachado@gmail.com,Constituição Federal,5,0,"25/09/2026, 23:33:00"
Fabiana Fernandes De Godoy,fabigodoyfabi@gmail.com,Constituição Federal,9,9,"29/09/2026, 23:09:00"
Martha Almeida,marthamarruas@gmail.com,Constituição Federal,6,0,"26/09/2026, 23:51:32"
Danúbio De Oliveira Carvalho Reichmann,danubio.reichmann@gmail.com,Constituição Federal,9,1,"30/09/2026, 00:13:56"
Helena De Lucena Santos,helena.lucena123@gmail.com,Constituição Federal,10,10,"30/09/2026, 08:28:45"
Mariana Iorio,mariana.iorio1@gmail.com,Constituição Federal,9,4,"29/09/2026, 23:27:50"
Isabella Victoria Aranha Ribeiro,isabellav.aranha@gmail.com,Constituição Federal,4,0,"24/09/2026, 23:21:03"
Monique Poubel Doliveira,monique.poubel@gmail.com,Constituição Federal,4,0,"28/09/2026, 22:06:49"
Acir Ferreira,acwferreira@gmail.com,Constituição Federal,1,0,"22/09/2026, 09:33:45"
Cássia Pessôa Simas Ribeiro,cinhaba@gmail.com,Constituição Federal,9,9,"29/09/2026, 17:26:39"
José Alves De Barcelos Júnior,josebarcelosjr@hotmail.com,Constituição Federal,9,9,"29/09/2026, 10:52:47"
Maria Eduarda,mariaeduardaxvr@hotmail.com,Constituição Federal,9,9,"29/09/2026, 13:19:29"
Kayo Petronilio Ferreira De Almeida,kayopetronilio2718@gmail.com,Constituição Federal,1,0,"21/09/2026, 18:15:26"
Beatriz Arcoverde Teófilo,biateofilo200@gmail.com,Constituição Federal,3,0,"23/09/2026, 15:54:37"
Daniel Graça,graca_daniel@hotmail.com,Constituição Federal,9,1,"30/09/2026, 00:02:20"
Sarah Soares De Oliveira,sarahs.oliveira@hotmail.com,Constituição Federal,9,4,"29/09/2026, 23:20:53"
Jorge Pinheiro Dias Fernandes Filho,jpdffilho@gmail.com,Constituição Federal,9,9,"29/09/2026, 21:41:21"
Christiane Sumie Kuba,christianekuba@terra.com.br,Constituição Federal,7,0,"28/09/2026, 15:31:16"
Isaac De Araújo Mendes,isaac1809@hotmail.com,Constituição Federal,9,9,"29/09/2026, 11:58:36"
Max Douglas Messa Almeida,maxdalmeida@gmail.com,Constituição Federal,9,1,"29/09/2026, 08:11:58"
SHEILA CRISTIANE BARROZO DA SILVA,s.barrozoadvocacia@gmail.com,Constituição Federal,9,5,"29/09/2026, 23:54:12"
Leonardo Borralho Estevens Cames,leo.cames@gmail.com,Constituição Federal,9,9,"29/09/2026, 17:36:06"
Marcelo Yamamoto,marcelo.juridico@gmail.com,Constituição Federal,9,9,"29/09/2026, 20:15:22"
Ravic De Morais Mathias,ravicmathias@gmail.com,Constituição Federal,1,0,"21/09/2026, 18:21:07"
Herley Lima Costa Fortunato,hyfortunato@gmail.com,Constituição Federal,2,0,"22/09/2026, 18:03:09"
Clarice Saavedra Vieira,claricesaavedravieira@gmail.com,Constituição Federal,4,0,"25/09/2026, 20:09:24"
Hellen Lúcia Souza De Brito,hellen.hlss@gmail.com,Constituição Federal,8,2,"29/09/2026, 18:19:52"
Enzo Carui Rizetto,rizenzotto@gmail.com,Constituição Federal,9,9,"29/09/2026, 18:14:12"
Camila Ignacio Rodrigues Dos Santos,camilaignacio2119@gmail.com,Constituição Federal,8,2,"30/09/2026, 00:09:41"
Ange Pimentel Sobral,angepimentel@outlook.com,Constituição Federal,9,9,"29/09/2026, 20:26:29"
Vitor De Oliveira,vdovitor@hotmail.com,Constituição Federal,9,2,"29/09/2026, 14:06:26"
Guilherme Nunes,gnunes85@gmail.com,Constituição Federal,2,0,"22/09/2026, 20:33:18"
Joice Alves Vargas Soares Acácio,joice_vvs@hotmail.com,Constituição Federal,9,9,"29/09/2026, 23:52:35"
Gabriela Vianna,gabivianna009@gmail.com,Constituição Federal,10,10,"30/09/2026, 07:21:30"
Carlos Cesar Sousa Soares Neto,carloscesarneto.adv@gmail.com,Constituição Federal,9,9,"29/09/2026, 19:17:18"
Jony Viana De Souza,jony_fozhabita@hotmail.com,Constituição Federal,9,4,"29/09/2026, 17:45:59"
Leticia Oliveira Cunha,leticiacunha24@yahoo.com.br,Constituição Federal,9,9,"29/09/2026, 23:15:37"
Fabianne,efabianne@gmail.com,Constituição Federal,9,9,"29/09/2026, 17:25:20"
Letícia Pítsica Marques,leticiapitsica@gmail.com,Constituição Federal,1,0,"22/09/2026, 22:38:34"
Victoria Candido Sousa,victoriapudim25@gmail.com,Constituição Federal,9,9,"29/09/2026, 23:55:29"
Anna Karollyne Moreira Santos Andrade,advannakarollyne@gmail.com,Constituição Federal,9,9,"29/09/2026, 23:42:00"
Wyllian Bastos,wyllianbastos@hotmail.com,Constituição Federal,9,9,"29/09/2026, 14:35:09"
Ingrid Lais Farias Cirne Teodoro,ingridcirneadv@gmail.com,Constituição Federal,9,3,"29/09/2026, 14:34:06"
Guilherme Murasse Davanço,gmdavanco@gmail.com,Constituição Federal,7,0,"28/09/2026, 18:18:11"
Anne Moura,louiseanne00@gmail.com,Constituição Federal,6,0,"26/09/2026, 15:16:16"
Alexandre Matos,phroyde@gmail.com,Constituição Federal,4,0,"25/09/2026, 21:18:40"
Camila Silva De Oliveira Zaidan,camylazaidan@gmail.com,Constituição Federal,9,1,"29/09/2026, 21:35:16"
Morgana Coelho Batista Cavalcante Nogueira,morgananogueira05@gmail.com,Constituição Federal,9,9,"29/09/2026, 22:27:15"
Alessandra Leão Brazão Dos Santos,alebrazao85@gmail.com,Constituição Federal,4,0,"26/09/2026, 00:37:48"
Laila Arouca,laila.arouca@gmail.com,Constituição Federal,1,0,"21/09/2026, 22:32:38"
Eduarda Franca De Jesus,eduardafj14@gmail.com,Constituição Federal,8,7,"29/09/2026, 22:42:23"
Ismael Cerqueira,ismael.cerqueira2210@gmail.com,Constituição Federal,9,9,"29/09/2026, 22:05:46"
Pedro Igor Saraiva Alves,pedroigor.saraiva1@gmail.com,Constituição Federal,9,9,"29/09/2026, 20:25:22"
Maria Helena Passos,mhpassos02@gmail.com,Constituição Federal,8,0,"28/09/2026, 20:48:34"
Santo Onei Puhl Martini Junior,santo.martini.jr17@gmail.com,Constituição Federal,9,9,"29/09/2026, 19:03:22"
Walter Filho,walterpcfilho@gmail.com,Constituição Federal,5,0,"26/09/2026, 22:29:58"
Alline Cristina Da Silva,lineh.cs08@gmail.com,Constituição Federal,3,0,"23/09/2026, 23:53:20"
Oscar Ferreira De Oliveira,oscaroliveira87@gmail.com,Constituição Federal,2,0,"28/09/2026, 17:40:10"
Gustavo Da Silva,gustavospimentel@yahoo.com.br,Constituição Federal,1,0,"21/09/2026, 21:25:57"
Ana Karla Leal Gomes,anakarlalealgomes@gmail.com,Constituição Federal,8,3,"29/09/2026, 11:12:26"
Edmar Rodrigues Da Silva Segundo,edmar.rsegundo@gmail.com,Constituição Federal,6,0,"28/09/2026, 22:01:26"
Polyana P O M Vaz,polyanavaz@gmail.com,Constituição Federal,9,9,"29/09/2026, 23:55:20"
Erika Cerri Dos Santos,erikacerridossantos@hotmail.com,Constituição Federal,1,0,"21/09/2026, 18:48:58"
Laisla Tifani De Souza,laislatifani00@gmail.com,Constituição Federal,9,9,"29/09/2026, 19:03:38"
João Paulo Martins Castanha,joaocastanha2009@hotmail.com,Constituição Federal,10,10,"30/09/2026, 09:09:54"
Mário Sérgio Silva Santos,mariosergiosto@gmail.com,Constituição Federal,9,5,"29/09/2026, 16:01:34"
Tiago Juliani,tiagoj@outlook.com.br,Constituição Federal,3,0,"24/09/2026, 22:29:50"
Vitor Passos Fernandes,vitorpassosfernandes@gmail.com,Constituição Federal,8,0,"28/09/2026, 22:44:49"
Tiago Jose Camboim De Souza,tiagocamboim@gmail.com,Constituição Federal,3,0,"23/09/2026, 09:08:06"
Lais Ferreira Da Costa,laisfc87@gmail.com,Constituição Federal,7,3,"29/09/2026, 09:44:04"
Farid Miguel Safatle Filho,faridsafatle@gmail.com,Constituição Federal,2,0,"22/09/2026, 22:28:20"
Caroline Maria Velanes Vilela,carolinevelanes07@gmail.com,Constituição Federal,5,0,"25/09/2026, 20:48:35"
Aline França Leite,alinefr.concursos@gmail.com,Constituição Federal,9,9,"29/09/2026, 06:46:45"
Henry Hoyer De Mello,henry.hoyer.mello@gmail.com,Constituição Federal,8,0,"28/09/2026, 04:55:01"
Bruna Santos,bruna.direito17@gmail.com,Constituição Federal,4,0,"27/09/2026, 19:22:51"
Karlenilson Macieira,karlenilsonmacieira@gmail.com,Constituição Federal,4,0,"24/09/2026, 21:17:52"
Maria Fernanda Calderon,maria.fer.paulino2017@gmail.com,Constituição Federal,5,0,"25/09/2026, 07:59:50"
Renata Lima Da Costa,re.jus09@gmail.com,Constituição Federal,9,7,"29/09/2026, 21:40:22"
Rodrigo R Felipe,digofla@gmail.com,Constituição Federal,10,10,"30/09/2026, 09:51:27"
Augusto Calheiros,augusto.calheiros10@gmail.com,Constituição Federal,1,0,"21/09/2026, 21:30:52"
Darlene De Souza Pereira,darlenesouza2014@gmail.com,Constituição Federal,4,0,"24/09/2026, 22:14:28"
Emanuela Oliveira Mendes,manumendesoliveira07@gmail.com,Constituição Federal,9,9,"29/09/2026, 20:56:59"
Fabio Luis Ribeiro Andrade,fabiolr.andrade@gmail.com,Constituição Federal,9,2,"29/09/2026, 14:35:47"
Alexia Viana,alexiaguimaraesviana@gmail.com,Constituição Federal,9,9,"29/09/2026, 12:27:47"
Livia Valentim,livia.valetim@outlook.com,Constituição Federal,3,0,"23/09/2026, 22:42:40"
Raimundo Pereira de Sousa Neto,sousaneto155@gmail.com,Constituição Federal,1,0,"21/09/2026, 19:02:41"
Thaís Figueiredo,thaisfigueiredorj@gmail.com,Constituição Federal,9,1,"29/09/2026, 08:15:49"
Gilberto Bilacchi,gilbertobilacchijr@gmail.com,Constituição Federal,10,10,"30/09/2026, 11:38:11"
Liniani De Assis Reis,linianipge@gmail.com,Constituição Federal,9,2,"29/09/2026, 21:18:09"
Geovana Santana Da Silva,geovannassilva730@gmail.com,Constituição Federal,9,9,"29/09/2026, 11:18:42"
Rafaella Morato Nasralla,rafaella.nasralla@hotmail.com,Constituição Federal,9,9,"29/09/2026, 19:29:11"
Adriane De Cássia Cecatto,adriane_cecatto@hotmail.com,Constituição Federal,9,9,"29/09/2026, 11:47:35"
João Pedro Petrico Teixeira,joaopetrico@gmail.com,Constituição Federal,9,9,"29/09/2026, 21:30:40"
Kiara Chaves Araújo,kiaraaraujo6@hotmail.com,Constituição Federal,7,1,"29/09/2026, 23:10:50"
David Dantas Toscano De Brito,davidtoscanopc@gmail.com,Constituição Federal,9,9,"29/09/2026, 20:25:57"
Michael Peres Torres,mptorres.bm@gmail.com,Constituição Federal,5,2,"29/09/2026, 21:22:31"
Ivanilce De Fatima De Jesus Barros Alves,ivanilce.barros77@gmail.com,Constituição Federal,4,1,"29/09/2026, 20:19:10"
Luiz Alberto Gomes Barbosa Neto,luizalbertoneto@gmail.com,Constituição Federal,10,10,"30/09/2026, 05:21:36"
Nádia Joyce Martins Carvalho,nadiajmc@gmail.com,Constituição Federal,9,1,"29/09/2026, 11:02:09"
Rafaela Luiza Gonçalves Pereira Vieira De Oliveira,rafagoncalvespv@gmail.com,Constituição Federal,5,0,"27/09/2026, 20:42:46"
Gabriela Ferreira Dornas De Andrade,dornas.gabriela@gmail.com,Constituição Federal,10,7,"30/09/2026, 08:35:32"
Karyna Karla,karynakarla2010@gmail.com,Constituição Federal,10,10,"30/09/2026, 06:50:48"
Natacha Souza Jones,natachasjones@gmail.com,Constituição Federal,9,2,"29/09/2026, 14:32:26"
Karla Mayara Domingos Da Silva,mayara2010@hotmail.com,Constituição Federal,1,0,"21/09/2026, 21:41:08"
Vinícius De Assis Da Luz De Deus,viniciusestudo23@gmail.com,Constituição Federal,2,0,"22/09/2026, 23:50:18"
Analuiza Freire De Medeiros,analuizafm98@gmail.com,Constituição Federal,1,0,"21/09/2026, 19:02:27"
Gina Elis Augusta De Almeida,ginaelisaa@gmail.com,Constituição Federal,1,0,"21/09/2026, 19:07:08"
Caio Moreira Costa,caio.camarro@gmail.com,Constituição Federal,9,9,"29/09/2026, 09:38:42"
Priscila Melo Rodrigues De Mariz,priscila_mariz@hotmail.com,Constituição Federal,9,5,"29/09/2026, 23:45:32"
Beatriz Miranda Nunes,beattrizm.adv@gmail.com,Constituição Federal,9,9,"29/09/2026, 22:33:13"
Francisco Dejean Nobre De Lima,dejeanlima2@gmail.com,Constituição Federal,9,4,"29/09/2026, 19:16:31"
Rafael,rafaelmof.adv@hotmail.com,Constituição Federal,9,4,"29/09/2026, 20:22:32"
Barbara Lopes Romano,barbaralopeez@hotmail.com,Constituição Federal,9,6,"29/09/2026, 18:24:22"
Rodrigo Luiz Pessoa De Oliveira,rodrigoluizpessoa@hotmail.com,Constituição Federal,10,10,"30/09/2026, 09:12:12"
Patrícia Abreu Vilhena,dorizinha@gmail.com,Constituição Federal,3,0,"23/09/2026, 17:57:12"
Mario Moreira,mariomoreira.adv@gmail.com,Constituição Federal,9,9,"29/09/2026, 22:28:07"
José Bartolomeu Da Silva Júnior,bartolomeu.junior21@gmail.com,Constituição Federal,3,0,"23/09/2026, 21:07:44"
Gabriela - Copy Revisão,gabrielasousa53@gmail.com,Constituição Federal,9,5,"29/09/2026, 15:51:11"
Douglifan Queiroz Oliveira,douglifanqueiroz@gmail.com,Constituição Federal,9,6,"29/09/2026, 21:22:31"
Vitor De Checchi Garcia,vitordg27@gmail.com,Constituição Federal,9,9,"29/09/2026, 21:02:12"
Glória Beatriz Saraiva De Albuquerque,gloria.de.albuquerque@gmail.com,Constituição Federal,9,9,"29/09/2026, 12:07:20"
Guilherme De Barros Rodrigues,guilherme.concp@outlook.com,Constituição Federal,9,1,"29/09/2026, 19:22:14"
Rejane Cassia Da Cruz,rejanecassia@adv.oabmg.org.br,Constituição Federal,10,10,"30/09/2026, 08:56:51"
Marco Antonio De Lima,marcoalimaa30@gmail.com,Constituição Federal,10,10,"30/09/2026, 08:12:40"
Renner Dos Santos Correia,rennersantos10@hotmail.com,Constituição Federal,2,0,"22/09/2026, 22:01:30"
Maria Claudia De Carvalho Marcondes Pontieri,mcmarcondes@hotmail.com,Constituição Federal,6,1,"29/09/2026, 21:16:45"
Artur Braga,arturalbraga@yahoo.com.br,Constituição Federal,7,2,"29/09/2026, 16:11:48"
Gabriel Santos Lima Do Nascimento,gabrielnascimnt1509@gmail.com,Constituição Federal,6,0,"26/09/2026, 21:04:46"
Hercules Brau,herculesbrau@outlook.com,Constituição Federal,1,0,"21/09/2026, 19:21:37"
Henio Antonio Nunes De Sa Leitao,henioprocuradoria@gmail.com,Constituição Federal,4,0,"25/09/2026, 06:58:57"
Bárbara Rocha,barbaraarocha.sz@gmail.com,Constituição Federal,3,0,"23/09/2026, 19:10:17"
Juliana Ramazini,juliana.ramazini@yahoo.com.br,Constituição Federal,8,3,"30/09/2026, 08:46:38"
Lucas Buffon Do Amaral,lucasllb152@gmail.com,Constituição Federal,4,0,"24/09/2026, 21:50:21"
Luciana Gaspar Moreno Pereira,luciana.gm@hotmail.com,Constituição Federal,8,0,"28/09/2026, 22:45:02"
Lucas Eduardo De Araújo Moreira,lx.eduardo@gmail.com,Constituição Federal,9,2,"29/09/2026, 22:42:01"
Caetano Santos De Almeida,csalmeida043@gmail.com,Constituição Federal,1,0,"21/09/2026, 21:44:35"
Andryws Salles Alves Oliveira,andrywsalves@gmail.com,Constituição Federal,9,9,"29/09/2026, 21:14:03"
Carlos Eduardo Nunes Ferreira Santos,carloseduardonfs4899@gmail.com,Constituição Federal,7,0,"27/09/2026, 17:28:41"
Samuel Rodrigues,samuel04.r.s@gmail.com,Constituição Federal,5,0,"25/09/2026, 21:48:21"
Gabriel Brandão Leite Ramos,gabriel.ramos0311@gmail.com,Constituição Federal,9,9,"29/09/2026, 19:26:51"
Carina Esteffany Bezerra De Moraes,carinaebmoraes@gmail.com,Constituição Federal,3,0,"23/09/2026, 21:00:58"
Guilherme Menegat,gmenegat@gmail.com,Constituição Federal,9,2,"30/09/2026, 09:02:18"
Neuma Jesus Souza Silva,neumasouza.adv@gmail.com,Constituição Federal,3,0,"23/09/2026, 22:11:50"
Alessandro Ermini,alessandroermini@yahoo.com.br,Constituição Federal,9,9,"29/09/2026, 11:21:04"
Arisson Alves Da Costa,arisson.ths@gmail.com,Constituição Federal,9,9,"29/09/2026, 18:31:08"
Vivianne Souza Santos,vivianne.vivianne.ss@gmail.com,Constituição Federal,5,0,"25/09/2026, 18:25:20"
Nayanna C Navega,nayannacarvalhonavega@gmail.com,Constituição Federal,7,0,"27/09/2026, 10:11:27"
Fernando Toledo Gonzalez,ftgnlz@gmail.com,Constituição Federal,9,9,"29/09/2026, 21:05:35"
Luiza Fabricio,luizapassarin@gmail.com,Constituição Federal,10,3,"30/09/2026, 07:53:22"
Alana Barros,alanabarros18@gmail.com,Constituição Federal,9,3,"30/09/2026, 09:35:27"
Cláudia Avellar,cacau.tavora@gmail.com,Constituição Federal,2,0,"22/09/2026, 11:44:33"
Milena Linhares,milenaglinhares@gmail.com,Constituição Federal,10,3,"30/09/2026, 10:20:38"
Ivson De Aguiar Barreto,ivsonbarreto@gmail.com,Constituição Federal,9,9,"29/09/2026, 22:02:18"
Eikásia Queiróz Do Nascimento,eikasiaqn@gmail.com,Constituição Federal,9,9,"29/09/2026, 21:53:57"
Raquel Carlos Da Rocha,raquelcarlosr@gmail.com,Constituição Federal,9,9,"29/09/2026, 22:29:46"
Társis Gomes Da Silva,targomes@yahoo.com.br,Constituição Federal,3,1,"30/09/2026, 10:27:22"
Arthur Ferraz Vasem,arthurfvasem@hotmail.com,Constituição Federal,10,4,"30/09/2026, 10:05:37"
Luiza Freire Lima,luiza.freirel17@gmail.com,Constituição Federal,7,1,"29/09/2026, 19:39:50"
Miguel Dos Santos Gomes,essenciajuridicaemfoco@gmail.com,Constituição Federal,9,9,"29/09/2026, 08:43:07"
Amanda Fukuji Tamae,amandatamae@live.com,Constituição Federal,4,0,"24/09/2026, 18:41:10"
Marcela Queiroga,marcelaqueirogaadv@hotmail.com,Constituição Federal,8,0,"28/09/2026, 11:55:42"
Hugo Marinho Emidio De Barros,hugomeb@gmail.com,Constituição Federal,3,0,"23/09/2026, 20:54:56"
Ana Cecília Marques,anaceciliamarques@outlook.com,Constituição Federal,8,2,"29/09/2026, 10:58:15"
Karina Lira,karinalira03@gmail.com,Constituição Federal,8,0,"28/09/2026, 14:11:56"
Nicolle Cristine Medeiros,nicollecmedeiros@hotmail.com,Constituição Federal,8,0,"28/09/2026, 21:22:14"
Thais Marley Ferreira Da Silveira,thasmfsilveira@gmail.com,Constituição Federal,10,10,"30/09/2026, 09:09:54"
Jonathan Mehret,jonathan.mehret@hotmail.com,Constituição Federal,9,9,"29/09/2026, 11:38:02"
Yonne Barboza Paiva Bueno,yoyopaiva@yahoo.com.br,Constituição Federal,2,0,"22/09/2026, 19:51:27"
Ana Paula Maurício Santos,anapaulamauricio921@gmail.com,Constituição Federal,9,4,"29/09/2026, 22:45:06"
José Victor Torres Nascimento,josevtorres1891@gmail.com,Constituição Federal,9,9,"29/09/2026, 20:24:13"
Eulalia Nogueira Mota Rivelli,nogueiramotae@gmail.com,Constituição Federal,9,9,"29/09/2026, 15:34:47"
Rogério De Sousa Ceuz,rogeriocruzadv@gmail.com,Constituição Federal,1,0,"22/09/2026, 10:11:18"
Renata Correia De Souza,renatacorreia.adv@gmail.com,Constituição Federal,1,0,"22/09/2026, 18:11:28"
Denner Gomes Da Rocha,dennergomesdarocha@gmail.com,Constituição Federal,9,9,"29/09/2026, 17:07:37"
Marcelo Rodrigues De Carvalho,marcelorodriguesdecarvalho@gmail.com,Constituição Federal,10,10,"30/09/2026, 10:11:02"
Carolina Castilho Nunes Rondon,carolcastilho3232@gmail.com,Constituição Federal,9,9,"29/09/2026, 10:57:40"
Ana Alice Alécio De Lessa,anaalicealecio91@gmail.com,Constituição Federal,9,9,"29/09/2026, 15:41:35"
Luma Ferreira Da Silva Moura,luma.fsm@gmail.com,Constituição Federal,3,0,"23/09/2026, 19:21:24"
Priscilla Cappelletti,priscilla.cappelletti@gmail.com,Constituição Federal,9,9,"29/09/2026, 21:20:30"
Emília Roberta Costa De Arruda,emiliaroberta@gmail.com,Constituição Federal,9,7,"29/09/2026, 18:06:50"
Priscila Akemi Fujiki Takai Oikawa,akemi.fjk@gmail.com,Constituição Federal,3,0,"26/09/2026, 17:44:47"
Flavia Bonavita Correa,flbonavita@gmail.com,Constituição Federal,1,0,"21/09/2026, 22:02:01"
Gustavo Mariano De Amorim Silva,gustavomariano0610@gmail.com,Constituição Federal,9,9,"29/09/2026, 19:26:14"
Marcus Vinicius Oliveira Ramos,ramos.marcus1407@gmail.com,Constituição Federal,9,9,"29/09/2026, 19:51:35"
Deisiane Mara De Oliveira,maradeisiane@gmail.com,Constituição Federal,8,3,"29/09/2026, 16:50:31"
Diego Emmanuel Ferreira Pinheiro,diavvocati@gmail.com,Constituição Federal,9,9,"29/09/2026, 23:17:01"
Ricardo Metz Weitz,ricardo_metz@hotmail.com,Constituição Federal,9,9,"29/09/2026, 16:45:32"
Cássio Santos,cvinicius.tecnico@live.com,Constituição Federal,7,0,"27/09/2026, 20:46:24"
Victor Miranda,vmjoaquim.direito@gmail.com,Constituição Federal,2,0,"22/09/2026, 11:11:42"
Fabiola Dias Guimaraes Dalessandro,fdalessandro94@gmail.com,Constituição Federal,4,0,"24/09/2026, 15:18:12"
Jefferson Cristiano Bento,advocaciajbento@gmail.com,Constituição Federal,9,9,"29/09/2026, 16:55:28"
Washington Monteiro Santos,uostosantos@gmail.com,Constituição Federal,9,1,"29/09/2026, 15:55:55"
Gilson Ricardo Gomes Da Silva,gilson.85@hotmail.com,Constituição Federal,10,3,"30/09/2026, 06:20:37"
Mariana Gomes,mariianagomesr@gmail.com,Constituição Federal,4,2,"29/09/2026, 07:57:52"
Daniela Cristina Menin,danielacristtinamenin@gmail.com,Constituição Federal,2,0,"22/09/2026, 21:11:30"
José Donizete Pasqualotto Silva Júnior,donizete_jr@outlook.com,Constituição Federal,3,0,"23/09/2026, 10:04:33"
Rafaele Ferreira Dos Santos,rafaelefniess@gmail.com,Constituição Federal,9,6,"29/09/2026, 21:38:27"
Luana Lira,luanaslira@gmail.com,Constituição Federal,9,9,"29/09/2026, 15:52:42"
Jonata Carmo Da Silva,jonatacarmosilva@hotmail.com,Constituição Federal,9,9,"29/09/2026, 23:16:56"
Daniela Rolim,dani.cavagnari@gmail.com,Constituição Federal,9,9,"29/09/2026, 16:57:47"
Carlos Cornélio Olivi,olivicc@gmail.com,Constituição Federal,9,9,"29/09/2026, 07:24:00"
Matheu Carniel,matheus.carniel49@gmail.com,Constituição Federal,7,0,"28/09/2026, 21:13:39"
Ana Laura Machado Rodrigues,analauramr01a@gmail.com,Constituição Federal,9,3,"29/09/2026, 23:58:28"
Ademir José Da Silva Loureiro,ademir.silva@ymail.com,Constituição Federal,9,9,"29/09/2026, 18:54:38"
Debora Da Costa Cruz,deboracruz@trt23.jus.br,Constituição Federal,10,2,"30/09/2026, 08:16:31"
Priscila Cabral Lestro,prilestro@gmail.com,Constituição Federal,9,1,"29/09/2026, 22:24:12"
Giulia Ribeiro Estevez,giuliarestevez@gmail.com,Constituição Federal,2,0,"22/09/2026, 17:51:43"
Yngrid Lima Guimaraes,yngridlimaguimaraes@gmail.com,Constituição Federal,10,10,"30/09/2026, 11:11:38"
Tainara Cristiane Moreira De Lima,adv.tainaralima@gmail.com,Constituição Federal,9,2,"29/09/2026, 22:19:27"
Danielle Lins,dalisibh@yahoo.com.br,Constituição Federal,9,9,"29/09/2026, 20:59:42"
Aryadne Sayuri Suzukawa Vargas,aryadne.vargas7@gmail.com,Constituição Federal,9,9,"29/09/2026, 12:34:37"
Rachel Coelhi,coelhoadvocaciaespecializada@gmail.com,Constituição Federal,9,5,"29/09/2026, 22:35:23"
Natália Silva,natalia.silv112@gmail.com,Constituição Federal,10,5,"30/09/2026, 07:04:20"
João Paulo Rabelo Martins,joao.martins@trt12.jus.br,Constituição Federal,9,9,"29/09/2026, 20:52:31"
Bárbara Galvão,barbaragalvaob@outlook.com,Constituição Federal,9,2,"29/09/2026, 20:34:53"
Pericles Moreira Ramos,periclesmr.adv@gmail.com,Constituição Federal,10,10,"30/09/2026, 11:29:36"
Illanah Falconiere,ifalconiere@gmail.com,Constituição Federal,2,0,"27/09/2026, 20:25:08"
Jurandir Pereira Lima Júnior,jurandirlima101@gmail.com,Constituição Federal,9,9,"29/09/2026, 23:16:26"
Isabella Araújo,isabellacarvalho.adv@gmail.com,Constituição Federal,9,9,"29/09/2026, 21:17:24"
Marcus Gabriel Nunes Quintana,gabrielq678@gmail.com,Constituição Federal,9,9,"29/09/2026, 23:55:49"
Edmundo Gonçalves Brueckheimer,edvoga@gmail.com,Constituição Federal,3,0,"23/09/2026, 13:21:51"
Andrea Mazzei,deia_mazzei@hotmail.com,Constituição Federal,9,9,"29/09/2026, 19:21:14"
Isadora Berni,isadoraberni@gmail.com,Constituição Federal,7,0,"27/09/2026, 19:58:34"
Vitor Manoel Costa Brito,cbvitorm02@gmail.com,Constituição Federal,9,9,"29/09/2026, 23:08:54"
Lia Cruz Moura,liamoura0208@gmail.com,Constituição Federal,9,9,"29/09/2026, 23:31:29"
Giullianne Briltes Otero,giullibriltesotero@gmail.com,Constituição Federal,9,4,"29/09/2026, 23:52:42"
Alessandra Santos Andrade,asandradeadvogada@gmail.com,Constituição Federal,9,3,"29/09/2026, 16:56:10"
Maria Luiza Oliveira Trindade,trindadeluiza25@gmail.com,Constituição Federal,9,9,"29/09/2026, 16:52:12"
Ana Leticia Siqueira,csiqueira.ana@gmail.com,Constituição Federal,9,1,"30/09/2026, 09:58:14"
Artur Gabriel De Souza Rocha,ajax0253@yahoo.com,Constituição Federal,9,9,"29/09/2026, 22:23:25"
Amanda Monike Prado Pimentel,amanda.monikeprado@gmail.com,Constituição Federal,9,9,"30/09/2026, 11:52:57"
João Victor Da Silva Pinheiro,jvictorsilvapinheiro1@gmail.com,Constituição Federal,9,9,"29/09/2026, 16:53:56"
Luiza França Santos,luh.fsantos@gmail.com,Constituição Federal,7,1,"29/09/2026, 11:12:08"
Bruna Melão Delmondes,brudelmondes@gmail.com,Constituição Federal,5,0,"25/09/2026, 23:56:19"
Breno Luiz Couto,breno.sarbox@gmail.com,Constituição Federal,1,0,"21/09/2026, 23:08:11"
Priscila Gabrielle Menezes Sousa,msousapriscila@gmail.com,Constituição Federal,3,0,"24/09/2026, 09:38:10"
Hudemberg Melo,melohudemberg@gmail.com,Constituição Federal,9,8,"29/09/2026, 10:29:43"
Gabriel Rodrigues De Souza,gabrielsouzags@hotmail.com,Constituição Federal,10,4,"30/09/2026, 09:12:44"
Jadna Quesado,jadnaquesado@gmail.com,Constituição Federal,5,0,"27/09/2026, 08:56:01"
Anderson Nascimento Da Cruz,cruz_z@hotmail.com,Constituição Federal,7,0,"28/09/2026, 01:26:54"
Cauê Barreto De Souza,cauebarreto@live.com,Constituição Federal,9,2,"30/09/2026, 11:44:42"
Bruno Ribeiro De Almeida Dantas,rewbrad@gmail.com,Constituição Federal,9,8,"29/09/2026, 14:33:29"
Maria Crislaine Dos Santos Lopes,m.crislainelopes@gmail.com,Constituição Federal,9,9,"29/09/2026, 22:58:48"
Gleydson Ferreira Andrade,contato.gleydsonandrade@gmail.com,Constituição Federal,9,9,"29/09/2026, 22:10:48"
Rafael Mantovani Barbosa,rafaelmantovanibarbosa@hotmail.com,Constituição Federal,9,9,"29/09/2026, 23:03:22"
Lucas Haddad Bigaton,lhaddadbigaton@gmail.com,Constituição Federal,9,1,"30/09/2026, 00:00:17"
Gabriel Alves Figueredo,bielfigueredo10@gmail.com,Constituição Federal,5,0,"25/09/2026, 23:14:42"
Bruna Ditós Simioni Silva,brunaditos@gmail.com,Constituição Federal,2,0,"22/09/2026, 13:41:12"
Edemicio Francisco Dos Santos Junior,eddiiejunior@gmail.com,Constituição Federal,9,4,"30/09/2026, 10:06:47"
Isadora Regina,isafreitas132001@gmail.com,Constituição Federal,3,0,"25/09/2026, 10:38:19"
Luzamar Alves Ferreira,luzamar@gmail.com,Constituição Federal,10,9,"30/09/2026, 08:40:48"
Andressa Carvalho,andressancarvalho@gmail.com,Constituição Federal,2,0,"22/09/2026, 09:03:46"
Hugo Rodrigues Ferreira,hg.r.ferreira@gmail.com,Constituição Federal,5,0,"25/09/2026, 07:03:51"
Alessandra,alebardelini@gmail.com,Constituição Federal,9,8,"29/09/2026, 17:48:20"
Kênia Mara Fernandes,km_fernandes@rocketmail.com,Constituição Federal,2,0,"26/09/2026, 00:16:10"
Sâmara Cabral,samaraescabral@gmail.com,Constituição Federal,3,1,"29/09/2026, 18:42:29"
Vitor Lima,vitor-lima-alves@hotmail.com,Constituição Federal,6,0,"26/09/2026, 14:08:28"
Allan Athaide Souza Filho,allanathaidefilho@hotmail.com,Constituição Federal,8,0,"28/09/2026, 15:45:10"
Larissa Rojas,larirojas1@hotmail.com,Constituição Federal,4,0,"25/09/2026, 14:59:17"
Antonio Tadeu do Prado Amorim,tadeulawyer@gmail.com,Constituição Federal,9,1,"29/09/2026, 03:04:39"
Maria Vitória Soares Pinto,mariavitoriapinto@outlook.com,Constituição Federal,9,9,"29/09/2026, 21:38:38"
Laura Catarina Moura Moraes,laurammoraes@yahoo.com.br,Constituição Federal,9,2,"29/09/2026, 10:12:23"
Roberto Haidar Campos Filho,robertohcf@gmail.com,Constituição Federal,9,9,"29/09/2026, 19:31:51"
Artur Dos Reis,arturfilho.adv@gmail.com,Constituição Federal,9,9,"29/09/2026, 22:31:58"
Ana Flávia Costa Silva,anaflaviacostasilva@hotmail.com,Constituição Federal,7,0,"28/09/2026, 22:11:12"
Tainá Souza,tainamarques2801@hotmail.com,Constituição Federal,7,2,"29/09/2026, 19:11:46"
Milena Santos De Almeida,milenasa.adv@gmail.com,Constituição Federal,1,0,"21/09/2026, 23:31:02"
João Luiz Pinheiro De Souza,jlzpsouza@gmail.com,Constituição Federal,9,2,"29/09/2026, 18:08:38"
Fabiola Pimpim Do Nascimento,fabiolap.nascimento@gmail.com,Constituição Federal,3,0,"23/09/2026, 23:37:39"
Nicole Anicet,nicole.anicet@gmail.com,Constituição Federal,9,6,"29/09/2026, 12:06:31"
Rafael Nascimento De Faria,sperto1@gmail.com,Constituição Federal,9,9,"29/09/2026, 22:14:11"
Gabriela Fernandes Sulzbach,gabiesulzbach@gmail.com,Constituição Federal,10,10,"30/09/2026, 10:49:39"
Flávia Nicchio Valentim,flavianvalentim@gmail.com,Constituição Federal,7,0,"27/09/2026, 20:04:38"
Felipe Maximo Munayer,adv.munayer@gmail.com,Constituição Federal,9,9,"29/09/2026, 23:26:12"
Ana Isabel Silva Menezes,ana.menezes2002@gmail.com,Constituição Federal,5,0,"25/09/2026, 18:40:19"
Rodrigo Esteves Da Silva,rodrigoesteves221@gmail.com,Constituição Federal,1,0,"23/09/2026, 13:09:52"
Juan Esteves Laufer Hubner,juan.esteves1993@gmail.com,Constituição Federal,5,0,"27/09/2026, 23:04:54"
Gelson Andrey Dierk Pereira,andreey@hotmail.com,Constituição Federal,9,4,"29/09/2026, 16:09:42"
Matheus Lima Neri,matheusln99@hotmail.com,Constituição Federal,9,9,"29/09/2026, 14:51:33"
Rodrigo Vieira,rfd.vieira@gmail.com,Constituição Federal,9,9,"29/09/2026, 22:12:51"
Edson Felipe Nascimento Da Silva,edson_phelipe@yahoo.com.br,Constituição Federal,6,1,"29/09/2026, 22:17:03"
Ana Carolina Oliveira,anacarolinapfo@gmail.com,Constituição Federal,10,10,"30/09/2026, 05:25:27"
Matheus Henrique Dos Reis Martins,matheusreismartins10@gmail.com,Constituição Federal,10,10,"30/09/2026, 10:08:02"
Cauê Mello Da Silva,cauemello@gmail.com,Constituição Federal,9,1,"29/09/2026, 23:39:09"
Daniela Chiao,daniela.chiao@gmail.com,Constituição Federal,9,1,"29/09/2026, 19:38:25"
Rajiv Wolttann,wolttann@gmail.com,Constituição Federal,1,0,"22/09/2026, 08:06:19"
João Bosco Cavaleiro De Macedo Júnior,jotabosco1990@gmail.com,Constituição Federal,10,3,"30/09/2026, 08:47:10"
Italo Morais,itomorais@gmail.com,Constituição Federal,10,9,"30/09/2026, 07:20:34"
Stefanos Drakoulakis,stefanosdrakoulakis@gmail.com,Constituição Federal,9,7,"29/09/2026, 12:56:25"
Lauren Barros,lauren_barros@hotmail.com,Constituição Federal,2,0,"26/09/2026, 11:07:29"
José Lucenildo Nery de Lima,lucenildo.lima@bol.com.br,Constituição Federal,3,1,"29/09/2026, 11:54:50"
Paula Alves Santos,inha_paula@yahoo.com.br,Constituição Federal,3,0,"23/09/2026, 23:24:04"
João Victor Aragão Francelino,jvaragaofrancelino@hotmail.com,Constituição Federal,4,0,"25/09/2026, 02:17:43"
Yara Janne Silva De Alcantara,yaralcantara@hotmail.com,Constituição Federal,9,1,"29/09/2026, 20:32:59"
Dani Rocha,drteixeira@ymail.com,Constituição Federal,9,5,"29/09/2026, 15:48:09"
Lucas de Oliveira Matias,lukazdioliveira@gmail.com,Constituição Federal,3,0,"26/09/2026, 00:06:16"
Isabel Teixeira Santiago,isabelteixeirasts@gmail.com,Constituição Federal,1,0,"22/09/2026, 00:13:46"
Lucas Clemente,luc.clemente559@gmail.com,Constituição Federal,5,0,"25/09/2026, 23:11:19"
Victória De Pontes Merçon,victoriapmercon@gmail.com,Constituição Federal,3,0,"23/09/2026, 23:32:31"
Júlia Isabelle Oliveira Do Carmo,juliaisabelle489@gmail.com,Constituição Federal,9,2,"29/09/2026, 22:00:20"
Cristiano Braga,crbraga74@gmail.com,Constituição Federal,3,0,"23/09/2026, 21:28:49"
Eduardo Henrique Monteiro Furtado,vandudu@hotmail.com,Constituição Federal,3,0,"28/09/2026, 09:28:52"
Juliane Elvira Bruch Batista,bruch.juliane@gmail.com,Constituição Federal,4,0,"24/09/2026, 21:33:46"
Fernanda Cibelle Austin Gamell Rodrigues,fernanda.cibelle01@gmail.com,Constituição Federal,6,2,"29/09/2026, 08:03:03"
Natan Campos Silva,ncamposs@outlook.com,Constituição Federal,0,0,"22/09/2026, 07:53:15"
Josinoel Guimarães,josinoelguimaraes@gmail.com,Constituição Federal,1,0,"22/09/2026, 15:58:59"
Ana Luisa Araújo Dos Santos Alves,an.isaa@hotmail.com,Constituição Federal,7,3,"29/09/2026, 23:25:23"
Adelaide Ponte,adelaiderchene@gmail.com,Constituição Federal,10,9,"30/09/2026, 06:04:31"
Isabela Bastos De Sousa,advisabelace@gmail.com,Constituição Federal,10,9,"30/09/2026, 10:30:24"
Rodrigo De Sousa Medeiros,medeirosrodrigo0801@gmail.com,Constituição Federal,9,8,"29/09/2026, 23:55:27"
Hannah Farias,hannahfariasadv@gmail.com,Constituição Federal,8,2,"30/09/2026, 10:44:22"
Henrique Evangelista Neto,henriqueevangelista_93@hotmail.com,Constituição Federal,10,6,"30/09/2026, 01:55:35"
Marcus Vinicius,vinicius.bst@gmail.com,Constituição Federal,5,0,"28/09/2026, 17:12:32"
Maria Carolina RV,rezendev.mariacarolina@gmail.com,Constituição Federal,10,3,"30/09/2026, 08:11:27"
Leonardo Gonçalves De Almeida,lelecoleo21@gmail.com,Constituição Federal,9,3,"29/09/2026, 22:33:16"
Fabiana De Souza Oliveira,fabi8416@hotmail.com,Constituição Federal,3,0,"23/09/2026, 21:08:47"
Pedro Martins,pedrohgcmartins@gmail.com,Constituição Federal,10,1,"30/09/2026, 10:30:58"
Maycon Leite Da Silva,maycon2604@hotmail.com,Constituição Federal,0,0,"22/09/2026, 04:39:06"
Fernanda Araújo,fcaraujo1@gmail.com,Constituição Federal,6,0,"27/09/2026, 09:56:28"
Vanessa Talita De Campos,vanessatalita2003@gmail.com,Constituição Federal,1,0,"22/09/2026, 17:32:32"
Igor Mathaeus Ferreira Ribeiro,igormfribeiro@gmail.com,Constituição Federal,1,0,"22/09/2026, 05:44:44"
Emanoela Alves Tolentino,emanoela.tolentinoadv@gmail.com,Constituição Federal,1,0,"22/09/2026, 05:58:29"
Huggo Cavalcante,huggo.cavalcante123@gmail.com,Constituição Federal,8,0,"28/09/2026, 14:35:55"
Carol Camelo Sedda,carolsedda@gmail.com,Constituição Federal,3,0,"24/09/2026, 20:43:21"
Francislene Guimarães de Souza,francisleneguimaraes@yahoo.com.br,Constituição Federal,9,8,"29/09/2026, 18:35:37"
Anaile Oldoni,oldonianaile@gmail.com,Constituição Federal,2,0,"22/09/2026, 17:15:08"
Edielma Rocha Dutra,lima.edielma@gmail.com,Constituição Federal,4,0,"24/09/2026, 14:05:35"
Giovanna Hingreadh Do Nascimento Oliveira,gihingreadh@gmail.com,Constituição Federal,6,0,"28/09/2026, 09:32:32"
Eunice Elisia Silva Oliveira,eunice2804@gmail.com,Constituição Federal,2,0,"22/09/2026, 16:10:03"
Erik Renan Soares Fernandes,renanfernandesadvocacia@gmail.com,Constituição Federal,4,1,"29/09/2026, 16:15:09"
Rafael Torres Lima,carneru27@hotmail.com,Constituição Federal,8,1,"29/09/2026, 18:00:29"
Pedro Aloi,pedroepaloi@gmail.com,Constituição Federal,9,8,"29/09/2026, 23:15:46"
Perereca,matheusevaristo.revisaopge@gmail.com,Constituição Federal,3,0,"23/09/2026, 20:44:52"
André Felipe dos Santos Cerqueira Lago,andrefelipesc94@gmail.com,Constituição Federal,6,1,"29/09/2026, 17:42:49"
Juliane Cristiny Peres Pouza,juliane.ppc@gmail.com,Constituição Federal,9,6,"29/09/2026, 09:54:50"
Iago Cardoso De Andrade,adv.iagocardoso@gmail.com,Constituição Federal,10,9,"30/09/2026, 07:08:02"
Amanda Theresa,amandatheresa05@gmail.com,Constituição Federal,9,8,"29/09/2026, 20:00:09"
Fabricia Soares Da Costa Aragao,fabriciadacosta@hotmail.com,Constituição Federal,4,0,"24/09/2026, 21:42:32"
Nelson João Riello Neto,neto.riello@gmail.com,Constituição Federal,10,9,"30/09/2026, 07:34:39"
Yuri Porfirio Guimaraes,yuriporfirio@gmail.com,Constituição Federal,4,0,"24/09/2026, 18:06:00"
Antônia De Almeida Nunes Viégas,antoniaviegas01@gmail.com,Constituição Federal,1,0,"22/09/2026, 10:02:46"
Douglas Da Silva Aragão,douglas_aragao@hotmail.com,Constituição Federal,9,8,"29/09/2026, 08:09:00"
Thaiane Sousa Roberto,thaianeroberto13@gmail.com,Constituição Federal,5,0,"25/09/2026, 11:08:58"
Ana L L G X Silva,analuizagranjaxavier@gmail.com,Constituição Federal,2,0,"23/09/2026, 09:47:23"
Matheus Henrique De Castro Homem Alves,mhchalves@outlook.com,Constituição Federal,1,0,"22/09/2026, 10:15:09"
Heron Barroso Barbosa,heronbbarbosa.advogado@gmail.com,Constituição Federal,1,0,"22/09/2026, 10:11:12"
Gabriel Fontes De Oliveira,gabrielfnts@gmail.com,Constituição Federal,1,0,"22/09/2026, 10:17:02"
Carolina Santos,dracarolinasnts@gmail.com,Constituição Federal,2,0,"25/09/2026, 11:34:04"
Gilvanddo Meireles Da Silva Junior,giljunior242@gmail.com,Constituição Federal,2,0,"23/09/2026, 15:53:18"
Andre Luiz Salge Pereira,salg.pereira@gmail.com,Constituição Federal,9,8,"29/09/2026, 09:00:41"
Leonardo Silva Miranda Lemos,leonardosmlemos@gmail.com,Constituição Federal,1,0,"22/09/2026, 10:29:21"
Patricia Marques,mmarques.patricia@gmail.com,Constituição Federal,6,2,"29/09/2026, 17:32:55"
Danilo Pombo Mattar,danilopombomattar@gmail.com,Constituição Federal,1,0,"22/09/2026, 10:28:33"
Ivo Zilotti Alencar,ivo.zilotti@gmail.com,Constituição Federal,3,0,"24/09/2026, 09:48:37"
Rafael Salvatore De Alencar Gonçalves,rafasalvatore4@gmail.com,Constituição Federal,2,0,"22/09/2026, 10:36:07"
Tamiris Elizabeth Araújo Farres,tamiris_farres@hotmail.com,Constituição Federal,8,8,"29/09/2026, 09:43:08"
Geanne Gschwendtner De Lima,geanneg2@gmail.com,Constituição Federal,10,9,"30/09/2026, 11:05:22"
André Luiz,andreluizdefranca0@gmail.com,Constituição Federal,2,1,"29/09/2026, 11:45:44"
Izabela Cristina Perissê De Souza,belaperisse@gmail.com,Constituição Federal,9,1,"29/09/2026, 14:36:02"
Ítalo José Da Silva Machado,italo.machado75@gmail.com,Constituição Federal,6,0,"27/09/2026, 17:14:56"
Raisa Coelho Fernandes,raisacoelho.fernandes@gmail.com,Constituição Federal,3,0,"23/09/2026, 09:44:22"
Débora Reis Fontes,deborareisfontes@gmail.com,Constituição Federal,5,2,"29/09/2026, 21:05:06"
Danielly Caminha,danielly_caminha@hotmail.com,Constituição Federal,2,0,"23/09/2026, 16:02:00"
Camila Emanuele Partocki Pedroso,camila.partockipedroso@gmail.com,Constituição Federal,6,2,"30/09/2026, 11:32:51"
José Márcio Da Silva Alves,malves2309@gmail.com,Constituição Federal,8,0,"28/09/2026, 17:11:34"
Bárbara Gutierrez Alves De Lima,babiguti.cursos@gmail.com,Constituição Federal,8,0,"29/09/2026, 21:03:25"
Marcos Lima,mplima1996@gmail.com,Constituição Federal,7,2,"29/09/2026, 11:50:46"
Gabriel De Castro Santanna,gabrieldecastro9@hotmail.com,Constituição Federal,9,9,"30/09/2026, 09:43:02"
Danilo Pimenta Baldan Junior,danilopimentabaldanjunior@gmail.com,Constituição Federal,1,0,"22/09/2026, 11:06:27"
Elaine Carneiro,elacristina80@gmail.com,Constituição Federal,2,1,"29/09/2026, 09:59:47"
Pedro Vitor Pedra,pedrovitorpedra@gmail.com,Constituição Federal,5,0,"26/09/2026, 14:41:29"
Dayana Alves Bastos De Moura,dayanaabastos@gmail.com,Constituição Federal,2,0,"24/09/2026, 17:15:53"
Sara Luiza Franco,sarafrancoluiza@gmail.com,Constituição Federal,7,3,"30/09/2026, 08:39:15"
Ana Maria Bianchini Gabrich,ana.maria.gabrich@gmail.com,Constituição Federal,10,9,"30/09/2026, 09:50:05"
Gabriela Yumi Tanaka,gabrielatanaka104@gmail.com,Constituição Federal,10,9,"30/09/2026, 09:00:05"
Edson Henrique Pereira,edsonhenriquep@gmail.com,Constituição Federal,10,9,"30/09/2026, 09:19:26"
Davy Elisverton Alves De Sousa,davy.elisverton@gmail.com,Constituição Federal,8,8,"29/09/2026, 22:26:50"
Aline De Oliveira Cabral,alinecabral.advocacia@gmail.com,Constituição Federal,8,0,"28/09/2026, 22:13:39"
Márcia Caroline Oliveira Dos Santos Martins,mcodsmartins@gmail.com,Constituição Federal,10,3,"30/09/2026, 08:06:17"
Jasiel Thiago,jasielthiago@hotmail.com,Constituição Federal,4,2,"29/09/2026, 17:10:33"
Victor Constantino Neves,victor.neves.concursos@gmail.com,Constituição Federal,5,0,"25/09/2026, 16:11:33"
Bárbara Maria De Oliveira Maciel Pinheiro,barbaramariaomp@gmail.com,Constituição Federal,6,1,"30/09/2026, 10:55:24"
João Vitor Cardoso,joaovitor.cardoso@icloud.com,Constituição Federal,5,0,"25/09/2026, 22:50:05"
Erick Henrique De Padua Faria,ehpfaria@gmail.com,Constituição Federal,3,0,"23/09/2026, 13:47:58"
Iago Da Rocha Leite,iagopcro@gmail.com,Constituição Federal,3,1,"30/09/2026, 11:13:50"
Daniele Santos Da Silva,daniele.firmino@hotmail.com,Constituição Federal,2,0,"22/09/2026, 12:24:58"
Everton Araujo,drearaujothe@gmail.com,Constituição Federal,10,3,"30/09/2026, 10:14:09"
Lucelia Lucena,lucena10lu@gmail.com,Constituição Federal,1,0,"22/09/2026, 12:21:29"
Neto Varela Arisi,netoarisi@gmail.com,Constituição Federal,9,3,"30/09/2026, 11:14:15"
Abner Maia Santos,abnerorama@gmail.com,Constituição Federal,3,0,"27/09/2026, 09:45:25"
Dimitryus Thiago Peixoto Fagundes,dtpfagundes@gmail.com,Constituição Federal,5,0,"28/09/2026, 10:17:38"
Nylberson Vasconcelos Moura,nylberson@gmail.com,Constituição Federal,2,0,"24/09/2026, 22:00:18"
Leticia Fernanda Simoes,leticiasimoes_fer@hotmail.com,Constituição Federal,1,0,"22/09/2026, 12:54:59"
Vanessa Ferreira De Oliveira,vanessaferdoli@gmail.com,Constituição Federal,6,0,"27/09/2026, 20:04:29"
Jayne Santos,jaynesantosadv@gmail.com,Constituição Federal,9,2,"29/09/2026, 18:47:39"
Moises De Almeida,moises.frp@hotmail.com,Constituição Federal,9,8,"29/09/2026, 14:11:47"
Robson Feitosa Leal Morais,robsonleal.advogado@gmail.com,Constituição Federal,1,0,"23/09/2026, 00:52:00"
Igor Duarte Maia,igorduartemaia328@gmail.com,Constituição Federal,1,0,"22/09/2026, 15:44:30"
Pedro Brandão Ramos,pedrobramosadv@gmail.com,Constituição Federal,1,0,"22/09/2026, 13:38:38"
Fernanda Cabral Amorim,fehnandacabral@gmail.com,Constituição Federal,9,6,"29/09/2026, 22:44:23"
Nelissa De Paula Magerote Fuim,nelissadepaula@gmail.com,Constituição Federal,8,3,"30/09/2026, 11:28:53"
Laila Nunez Victorio,lailanunez03@gmail.com,Constituição Federal,7,0,"28/09/2026, 10:52:50"
Rafaela Medeiros,rafaelamedeiros.revisao@gmail.com,Constituição Federal,2,0,"22/09/2026, 17:36:36"
Caroline Corrêa Meninéa,menineacaroline@gmail.com,Constituição Federal,4,0,"27/09/2026, 19:39:38"
Glayce Kedma Nascimento Pelaes Turchetto,kedmapelaes@yahoo.com.br,Constituição Federal,9,2,"29/09/2026, 21:42:16"
Joao,joao@gmail.com,Constituição Federal,3,0,"23/09/2026, 23:11:20"
Hicaro R F De Lima,hicaroricardo@gmail.com,Constituição Federal,8,1,"29/09/2026, 12:06:57"
Luiz Nogueira,lluiz.nog@gmail.com,Constituição Federal,9,3,"29/09/2026, 23:03:01"
Maria Fernanda Davino Ferreira,mariafernandadavino@gmail.com,Constituição Federal,3,0,"28/09/2026, 21:14:48"
Adriana Cordeiro De Melo,acordeirodemelo@yahoo.com.br,Constituição Federal,3,0,"29/09/2026, 19:03:49"
Pedro Henrique Souza De Brito Cardoso,advpedrohcardoso@gmail.com,Constituição Federal,9,2,"29/09/2026, 23:02:29"
Mirian Reis De Jesus,miribio@gmail.com,Constituição Federal,6,0,"26/09/2026, 21:51:47"
Rodrigo Albertasse Sales,rodrigoalbertasse@hotmail.com.br,Constituição Federal,9,8,"29/09/2026, 23:29:56"
Carolina Maria Moura Da Silva,carolmoura_pe@hotmail.com,Constituição Federal,7,3,"29/09/2026, 06:24:47"
Misael Oliveira,misaelsousal.oliveira@gmail.com,Constituição Federal,5,0,"27/09/2026, 21:22:38"
Jade Keilah De Oliveira Barreto,jadeadv1@gmail.com,Constituição Federal,2,0,"22/09/2026, 23:09:45"
Gabriella Silva,12gabsv@gmail.com,Constituição Federal,3,0,"23/09/2026, 20:10:34"
Marieli Koza Ribeiro,marieli.koza@yahoo.com.br,Constituição Federal,2,0,"22/09/2026, 23:17:16"
Talita Campos De Lima,talitacampos.adv@hotmail.com,Constituição Federal,2,0,"22/09/2026, 23:50:57"
Stefano Martello,stefanomartello2@gmail.com,Constituição Federal,5,0,"29/09/2026, 10:24:25"
Bruna Mariano Chideroli,bmchideroli@outlook.com,Constituição Federal,8,8,"29/09/2026, 20:29:13"
Leandro Muniz,leandromunizcffs7@gmail.com,Constituição Federal,9,9,"30/09/2026, 05:05:34"
Alanys Meicy De Almeida,alanys.meicy1@gmail.com,Constituição Federal,2,0,"22/09/2026, 21:47:25"
Gustavo Teixeira Domingues,hoesgustavo@gmail.com,Constituição Federal,1,0,"22/09/2026, 21:46:33"
Alif Ronaldo Soares Domingues,alifsoares.acad@outlook.com,Constituição Federal,4,0,"24/09/2026, 22:38:50"
Joao Ricardo Fraga Vieira,joaoricardofv@gmail.com,Constituição Federal,5,0,"25/09/2026, 12:01:36"
Gabriel De Souza Leão,gabriel.deszleao@gmail.com,Constituição Federal,3,0,"24/09/2026, 22:56:17"
Ailton S. Amorim,ailtonamo@gmail.com,Constituição Federal,4,0,"26/09/2026, 22:21:24"
Heitor Da Rosa Ascenciano,heitorascenciano@gmail.com,Constituição Federal,1,0,"22/09/2026, 19:15:43"
Hlder Monte Cardoso,helder.monte25@hotmail.com,Constituição Federal,2,0,"23/09/2026, 19:57:04"
Cícero Moura Do Nascimento,ciceromouradf@gmail.com,Constituição Federal,10,9,"30/09/2026, 07:37:12"
Matheus Vinicius Silva Freire,stmv.freire@gmail.com,Constituição Federal,6,0,"26/09/2026, 11:38:44"
Cássio Willian Sandrin Prasnievski,cassio.willian@live.com,Constituição Federal,6,2,"29/09/2026, 14:59:12"
Renata Castro,renataxavierdecastro@gmail.com,Constituição Federal,5,0,"25/09/2026, 16:38:33"
Arthur Bartolomeu,arthurbartoalves@gmail.com,Constituição Federal,6,0,"28/09/2026, 08:54:00"
Giovani Bonatto,bonatto.giovani@gmail.com,Constituição Federal,10,3,"30/09/2026, 06:21:43"
Ivaldo Bezerra de Lima Junior,ivaldoblj@gmail.com,Constituição Federal,9,1,"29/09/2026, 20:59:42"
Helon Felipe Da Silva Sodre,helonfelipe@live.com,Constituição Federal,1,0,"22/09/2026, 22:31:00"
Lee Van Douglas Santos Andrade,leevandouglas@hotmail.com,Constituição Federal,9,8,"29/09/2026, 15:24:47"
Henzo Hernane Telles E Silva,henzohernane@gmail.com,Constituição Federal,0,0,"29/09/2026, 10:38:18"
Rebeca Maciel,rebecagmaciel22@gmail.com,Constituição Federal,9,3,"29/09/2026, 19:28:43"
Elisangela Teixeira Dos Santos,elisangela.txr@gmail.com,Constituição Federal,7,0,"27/09/2026, 21:53:09"
Érica Martins Figueiredo,emfigueiredo@yahoo.com.br,Constituição Federal,9,8,"29/09/2026, 20:42:11"
Thiago Nogueira Nobre,thiagonobre95@yahoo.com.br,Constituição Federal,7,1,"29/09/2026, 20:05:02"
Camila Santos Costa,emeiodacamila@gmail.com,Constituição Federal,1,0,"22/09/2026, 20:06:22"
Jacinta Dias Barros,jacinta.barros@yahoo.com.br,Constituição Federal,7,2,"29/09/2026, 22:41:33"
Henrique Reis Costa Nunes,henriquereiscn@gmail.com,Constituição Federal,9,4,"29/09/2026, 09:26:35"
Jeferson Freitas Munhóz,jeferson17.jfm@gmail.com,Constituição Federal,6,0,"26/09/2026, 23:21:01"
Carlos Reclibe Gomes Vilela,carlos.reclibe@gmail.com,Constituição Federal,9,4,"29/09/2026, 16:18:21"
Auziclei Maykon Santos De Oliveira,maykonsanttos@gmail.com,Constituição Federal,1,0,"22/09/2026, 20:47:43"
Ana Léa Chagas Marçal,anna.marcal@hotmail.com,Constituição Federal,10,9,"30/09/2026, 11:11:32"
Danielle Fonseca-Sena,danixfonseca@yahoo.com.br,Constituição Federal,5,1,"29/09/2026, 09:14:10"
Pedro Henrique Sena Coutinho,pedrosena20@gmail.com,Constituição Federal,1,0,"22/09/2026, 22:49:50"
Paula Cristina,paulacristinaqueiroz@yahoo.com.br,Constituição Federal,9,3,"29/09/2026, 08:52:25"
Isabela Da Silva Breda,isa.sbreda@gmail.com,Constituição Federal,1,0,"22/09/2026, 21:10:17"
Leonardo Souza Santos,leonardoarquivista@gmail.com,Constituição Federal,1,0,"22/09/2026, 21:05:34"
Isa Gabriela Santos,isagabriela.st@gmail.com,Constituição Federal,1,0,"23/09/2026, 13:17:27"
Camila Chiganer,camilachiganer@gmail.com,Constituição Federal,4,1,"29/09/2026, 19:16:08"
Débora Melo,claizoni@gmail.com,Constituição Federal,7,0,"28/09/2026, 12:15:52"
Camilla De Oliveira Lira,k.milla.lira@gmail.com,Constituição Federal,9,3,"29/09/2026, 11:27:26"
Camila Oliveira Paelo Carvalho,camila.paelo@gmail.com,Constituição Federal,1,0,"22/09/2026, 23:45:31"
Antonio De Assis,antonioassisadv@gmail.com,Constituição Federal,3,0,"25/09/2026, 16:06:35"
Natália Mendonça,na-mendonca@hotmail.com,Constituição Federal,1,0,"23/09/2026, 13:22:31"
Laysi Soares Rodrigues Silva,laysisoares@outlook.com,Constituição Federal,4,0,"28/09/2026, 23:54:45"
Sergio Horacio Da Silveira Filho,sergiohsfilho@gmail.com,Constituição Federal,5,0,"28/09/2026, 17:34:26"
Aline Aparecida Da Silva,24alinesilva@gmail.com,Constituição Federal,5,0,"25/09/2026, 16:07:46"
Lorena Gil De Farias Guimarães,lorenagms.adv@gmail.com,Constituição Federal,3,1,"29/09/2026, 15:27:39"
Monique Cervera Guimarães Pereira,monique.maps@hotmail.com,Constituição Federal,7,0,"28/09/2026, 23:24:14"
Fabiany Ferreira Cruz,fabycruzadv@gmail.com,Constituição Federal,8,3,"29/09/2026, 21:56:24"
Tayse Magalhães Souza Do Amor Divino,taysemagalhaes@gmail.com,Constituição Federal,6,3,"29/09/2026, 21:40:09"
Diego Alves Lopes,gyodaay@gmail.com,Constituição Federal,1,0,"23/09/2026, 17:22:14"
João Paulo Machado Derossi,derossi84.jpmd@gmail.com,Constituição Federal,8,0,"28/09/2026, 19:56:17"
Joana Emília Ribeiro Brandão,jerbrandao@gmail.com,Constituição Federal,9,7,"29/09/2026, 23:51:27"
Paulo Ricardo Morais Silveira Júnior,pauloricardomsjr@gmail.com,Constituição Federal,1,0,"23/09/2026, 17:35:00"
Thiago Silva,thiago.cobertor@gmail.com,Constituição Federal,1,0,"23/09/2026, 18:50:44"
Luciano José Da Silva,js.luciano77@gmail.com,Constituição Federal,3,0,"23/09/2026, 19:34:53"
Juliana Ester Martins Gomes,julianaestermg@outlook.com,Constituição Federal,4,0,"24/09/2026, 10:38:55"
Ana Cecília Sousa Santana Beiró,cecilia.ss@gmail.com,Constituição Federal,2,0,"23/09/2026, 07:34:02"
Maira Azevedo Dos Santos,mairaazevedo2011@gmail.com,Constituição Federal,10,3,"30/09/2026, 06:20:40"
Magda Paiva Dos Santos Chaparro,magdasantospaiva@gmail.com,Constituição Federal,5,0,"26/09/2026, 09:09:10"
Laura Garbin,lauraiahnke@gmail.com,Constituição Federal,10,8,"30/09/2026, 09:15:21"
Kathyucia Bayer Da Silva,kathyuciab@gmail.com,Constituição Federal,1,0,"23/09/2026, 14:09:51"
Alan Victor,alanvictor245@gmail.com,Constituição Federal,4,0,"29/09/2026, 23:58:44"
Edgar Mendonça,edgar.costa.mendonca@gmail.com,Constituição Federal,4,1,"29/09/2026, 15:21:57"
André Caroba De Paula Santos,andrecaroba@gmail.com,Constituição Federal,6,0,"28/09/2026, 20:53:47"
Amanda De Carvalho Oliveira,preparacaooab39civil@gmail.com,Constituição Federal,9,7,"29/09/2026, 23:40:58"
Maria Vitoria Feitosa Amaral De Souza,marleidepa@gmail.com,Constituição Federal,3,2,"30/09/2026, 06:19:19"
Maria Luiza Matias,matiasmluiza@gmail.com,Constituição Federal,2,0,"24/09/2026, 16:51:13"
Priscila Castro,prisciladamiaocastro@gmail.com,Constituição Federal,4,0,"24/09/2026, 09:13:46"
Ancelmo Machado Miranda Bastos,ancelmomachado@gmail.com,Constituição Federal,9,5,"29/09/2026, 19:18:37"
Fernando Miguel Parmejani Branco Nunes,fermoedas@gmail.com,Constituição Federal,1,0,"23/09/2026, 15:13:25"
Jonathan Oliveira Monte Soeiro,jonsoeiroconcurseiro@gmail.com,Constituição Federal,4,0,"24/09/2026, 22:43:20"
Luana Cristina Vilela Alves,adv.vilelaalves@gmail.com,Constituição Federal,5,0,"28/09/2026, 14:44:34"
Caio Santiago,caiobisposantiago34@gmail.com,Constituição Federal,10,2,"30/09/2026, 11:07:54"
Monyse Araujo,monysevictoria@gmail.com,Constituição Federal,0,0,"23/09/2026, 15:08:58"
Tatiana Da Silva Ferreira Nery,thatysfnery@hotmail.com,Constituição Federal,7,2,"29/09/2026, 12:45:58"
Pollyanna Dreon Tenório,pollyannadreon@hotmail.com,Constituição Federal,3,0,"27/09/2026, 16:14:02"
Ana Clara Lira Noleto,anaclara.noleto@hotmail.com,Constituição Federal,1,0,"23/09/2026, 15:25:51"
Joao Pedro De Lima Campos,camposjpl@gmail.com,Constituição Federal,3,0,"24/09/2026, 22:54:17"
Jessyka Kirmse Lima,kirmse.adv@gmail.com,Constituição Federal,1,0,"23/09/2026, 10:02:22"
Fabrício Naccarati Marcon,fabricio.n.m@hotmail.com,Constituição Federal,0,0,"23/09/2026, 10:03:14"
Andrea Duarte Ferreira Cavinato,andreadfcavinato@gmail.com,Constituição Federal,9,4,"29/09/2026, 20:42:42"
Fabrizio Thomazio Guimaraes Da Silva,thomazio.f@gmail.com,Constituição Federal,10,8,"30/09/2026, 10:50:31"
Nicole Da Silva,nicole_nst@hotmail.com,Constituição Federal,10,8,"30/09/2026, 07:29:25"
Ricardo Augusto Carvalhal,carvalhal.ric@gmail.com,Constituição Federal,1,0,"23/09/2026, 16:13:07"
Cláudia Rodrigues Vieira,claudiagues@gmail.com,Constituição Federal,7,7,"29/09/2026, 21:14:36"
Bartira Jones Ramos,bartira.jonas@yahoo.com.br,Constituição Federal,2,1,"29/09/2026, 10:20:05"
Bianca Quirino,biancabduarte@gmail.com,Constituição Federal,5,0,"25/09/2026, 12:45:31"
Iane Larissa,ianelarissaa99@gmail.com,Constituição Federal,5,1,"29/09/2026, 19:52:14"
Luma Scaff,lumascaff@yahoo.com.br,Constituição Federal,4,0,"28/09/2026, 12:20:21"
Julle Caroline Silva Cavalcante,julleccavalcante@gmail.com,Constituição Federal,5,0,"25/09/2026, 08:38:21"
Cândida Mara Britto Leite,candidamara@gmail.com,Constituição Federal,3,0,"26/09/2026, 22:41:28"
Alex Adriano Machado,lecoorg@yahoo.com.br,Constituição Federal,1,0,"23/09/2026, 13:00:58"
Gaspar Nicolau Dos Santos,gaspar.nicolau1@gmail.com,Constituição Federal,4,0,"24/09/2026, 09:07:58"
Maria Luiza Engel,marialuizams1@hotmail.com,Constituição Federal,6,1,"30/09/2026, 10:27:50"
Yanna Deiany,yanna_deiany@hotmail.com,Constituição Federal,1,0,"24/09/2026, 09:35:18"
Gustavo Vallesquino Fernandes,gustavo_vallesquino@outlook.com,Constituição Federal,5,0,"25/09/2026, 11:23:47"
Hosanildo Teixeira Alves,hosanildoadv@gmail.com,Constituição Federal,10,6,"30/09/2026, 01:12:36"
Hellen Marques Santos,marques.hellen.santos@gmail.com,Constituição Federal,3,0,"28/09/2026, 16:23:27"
Fábio Júnior Da Silva Ferreira,fabiojunioromega@gmail.com,Constituição Federal,5,0,"26/09/2026, 11:30:42"
Rafael Oliveira Ribeiro,ribeirorafael@hotmail.com.br,Constituição Federal,9,6,"29/09/2026, 09:42:45"
Arthur Torres Ferreira Pinto,arthurtorresfp@hotmail.com,Constituição Federal,2,0,"24/09/2026, 11:36:23"
Eduardo Alexandre Fonseca Damasceno,eduardoafdamasceno@yahoo.com.br,Constituição Federal,9,4,"29/09/2026, 19:41:38"
José Airton Braga Ponte Júnior,joseairtonbpjr@gmail.com,Constituição Federal,3,0,"25/09/2026, 15:36:17"
Roseane Laurentino Silva,dra.laurentino@gmail.com,Constituição Federal,7,7,"29/09/2026, 19:45:07"
Felipe Leon Ferreira Macedo Kemmer,felipeleonsm@hotmail.com,Constituição Federal,9,6,"29/09/2026, 21:39:55"
Djalma Alexandre,alexandrecausidico@gmail.com,Constituição Federal,7,0,"27/09/2026, 20:37:00"
Lorena Freitas Muritiba,lorenafmuritiba@gmail.com,Constituição Federal,1,1,"29/09/2026, 20:45:02"
Rubens Rocha Valente Junior,rubens.analista@gmail.com,Constituição Federal,1,0,"24/09/2026, 09:55:57"
Jéssica Barbosa Leite,bleite.jessica@gmail.com,Constituição Federal,6,2,"30/09/2026, 01:27:56"
Alessandra Andrade,tjsc2806@gmail.com,Constituição Federal,1,0,"23/09/2026, 20:44:02"
Nalã Ewert,nalanewert@hotmail.com,Constituição Federal,1,0,"24/09/2026, 03:39:21"
Stefany Spadoni,stefanyspadonimenezes@adv.oabsp.org.br,Constituição Federal,6,3,"29/09/2026, 11:25:41"
Pâmella Morais De Souza,pam-morais.souza@hotmail.com,Constituição Federal,4,0,"28/09/2026, 23:57:59"
Cleiton Julio Da Cunha,cleitondir@bol.com.br,Constituição Federal,8,0,"28/09/2026, 21:38:17"
Angélica Tatiana Martin,angelicatmartin@gmail.com,Constituição Federal,4,0,"28/09/2026, 18:17:51"
Arthur De Oliveira Carlos Aguiar,arthuraguiar2704@gmail.com,Constituição Federal,1,0,"23/09/2026, 21:33:23"
Lorena Reis Costa,lorenareiscosta17@gmail.com,Constituição Federal,1,0,"23/09/2026, 21:56:42"
Francisco Alisson De Sousa Silva,fcoalisson1@gmail.com,Constituição Federal,7,2,"29/09/2026, 22:07:12"
Nathália Akemi Kawata da Silveira,nathalia.naks@hotmail.com,Constituição Federal,5,2,"29/09/2026, 12:32:30"
Vinicius Lima Santana,santana.vinicius@gmail.com,Constituição Federal,5,0,"28/09/2026, 12:44:29"
Lorena Bentes Amaro,lorebentes@hotmail.com,Constituição Federal,3,0,"26/09/2026, 17:32:16"
Anderson Carneiro Mascarenhas,acarneiromascarenhas@gmail.com,Constituição Federal,4,0,"27/09/2026, 20:39:46"
Claudio Rezende,claudiocprezende@gmail.com,Constituição Federal,1,0,"25/09/2026, 18:38:40"
Felix Bulhões,felixbulhoes1@gmail.com,Constituição Federal,1,0,"25/09/2026, 09:17:37"
Ana Catarina Serrano Da Silva,anacatarina.serrano@hotmail.com,Constituição Federal,1,0,"25/09/2026, 09:22:36"
Lisandra Sartori Dos Santos,lisandrasartori7@gmail.com,Constituição Federal,5,4,"30/09/2026, 07:42:11"
Cláudio Melo,claudioqueirozm@gmail.com,Constituição Federal,5,3,"29/09/2026, 19:38:29"
Laiz Botelho De Araujo Dantas,laizbotelho_@outlook.com,Constituição Federal,4,0,"25/09/2026, 16:23:57"
Genivalda Cardozo,vjni.cardozo@gmail.com,Constituição Federal,1,0,"25/09/2026, 16:32:58"
Sasha Frota,karolaine.sasha18@gmail.com,Constituição Federal,8,2,"29/09/2026, 20:00:18"
Rafael Carvalho Borges,rafaelborges1982@gmail.com,Constituição Federal,8,0,"28/09/2026, 15:17:05"
João Pinto Ramalho Neto,joaoramalhoneto1@gmail.com,Constituição Federal,5,0,"28/09/2026, 16:34:35"
Henrique Lessa De Sousa Baptista Andrade,henriquebapandrade@gmail.com,Constituição Federal,1,0,"25/09/2026, 10:42:57"
Alanclay Bomfim Alves,alanclay@outlook.com.br,Constituição Federal,4,0,"25/09/2026, 11:30:19"
Thiago Santos Rodrigues,thisantos84@gmail.com,Constituição Federal,1,0,"24/09/2026, 14:38:48"
Rainiery Limeira Lima,limeiralima.advocacia@gmail.com,Constituição Federal,2,0,"27/09/2026, 16:16:07"
Fernanda Lemos Alves,lemos.nanda17@gmail.com,Constituição Federal,0,0,"24/09/2026, 14:53:32"
Gustavo Holanda Fontes,gustavo.hol@hotmail.com,Constituição Federal,4,2,"29/09/2026, 22:07:13"
Elisama Lopes Silva,lisdireitoufpi@gmail.com,Constituição Federal,1,0,"24/09/2026, 15:16:59"
Gabriela Luna,gabrielalunasgomes@hotmail.com,Constituição Federal,5,2,"29/09/2026, 02:05:32"
Matheus Marques De Oliveira,matheusmrdm@gmail.com,Constituição Federal,4,1,"29/09/2026, 21:05:36"
Henrique Vale Duarte,henrique.valeduarte@gmail.com,Constituição Federal,1,0,"25/09/2026, 15:09:41"
Marcos Gama Pereira,marcospereira6886@gmail.com,Constituição Federal,4,1,"29/09/2026, 01:06:43"
Paulo Henrique Parcifico De Oliveira,phpo2565@gmail.com,Constituição Federal,8,4,"29/09/2026, 16:03:53"
Wendell Ramos Da Silva,wendellramoss@gmail.com,Constituição Federal,2,0,"28/09/2026, 16:42:40"
Daniel Da Silva Sales,danielkadoshi@hotmail.com,Constituição Federal,6,2,"29/09/2026, 21:50:11"
Arthur Barrero,arthurbarrero@gmail.com,Constituição Federal,8,0,"28/09/2026, 11:44:27"
Manuela Rocha,manuxx310189@gmail.com,Constituição Federal,6,2,"30/09/2026, 11:48:46"
Alana Prata,alana.prata.zetta@hotmail.com,Constituição Federal,5,2,"29/09/2026, 22:48:17"
Felipe Lorenzi,felipejlorenzi@gmail.com,Constituição Federal,1,0,"25/09/2026, 11:44:10"
Samanta Oliveira Araújo,samantaraujo99@gmail.com,Constituição Federal,4,0,"28/09/2026, 20:31:41"
Marcos Vinicius Lazarim Lemes,lazarimlemes@gmail.com,Constituição Federal,0,0,"24/09/2026, 17:06:40"
Áurea Cristina,aureacristiina@gmail.com,Constituição Federal,5,1,"30/09/2026, 01:31:10"
Alice Franceschini Aguiar,lilifrancischini@gmail.com,Constituição Federal,3,0,"25/09/2026, 13:01:01"
Ana Carolina Folly De Carvalho Feno,carolfolly99@gmail.com,Constituição Federal,4,0,"27/09/2026, 20:16:57"
Pedro Henrique Dutra Lopes Guarilha,guarilhapedro@gmail.com,Constituição Federal,1,0,"24/09/2026, 18:12:49"
Evellyn Santos Souza,bancodepeticoes03@gmail.com,Constituição Federal,1,0,"29/09/2026, 16:22:22"
Sérgio Marques De Oliveira,sergiomarquespr@gmail.com,Constituição Federal,9,6,"29/09/2026, 20:08:08"
Luisa Sousa Lima Leite,luisaslima10@gmail.com,Constituição Federal,4,1,"30/09/2026, 08:10:14"
Ana Cristina Coimbra,aninha_ribas@yahoo.com.br,Constituição Federal,4,3,"29/09/2026, 17:46:51"
Thalia Rodrigues Lima,thalia.rlima@outlook.com,Constituição Federal,1,0,"24/09/2026, 22:21:30"
Rodrigo Yuri Ferreira Maia,rodrigoyurimaia@hotmail.com,Constituição Federal,1,0,"26/09/2026, 14:36:45"
Erika De Moura Gonçalves,erikamour@gmail.com,Constituição Federal,1,0,"26/09/2026, 18:11:17"
Rodrigo Gomes Rosa Da Silva,contatorodrigo.silva2@gmail.com,Constituição Federal,6,5,"30/09/2026, 04:21:33"
Caio Fernando,caiofernando.vitoria@gmail.com,Constituição Federal,3,0,"25/09/2026, 18:47:09"
Izaias Caetano Da Silva Filho,izaiasfilho10@gmail.com,Constituição Federal,6,2,"29/09/2026, 20:49:15"
Adélia Mendonça,adeliamendonca@hotmail.com,Constituição Federal,1,0,"26/09/2026, 19:22:21"
Robis Cirqueira Freire,robisfreire@gmail.com,Constituição Federal,4,2,"30/09/2026, 11:20:35"
Luíse Beatriz De Araújo Oliveira,luisebao@gmail.com,Constituição Federal,5,5,"30/09/2026, 05:25:39"
Caroline Silveira Okoro,caroloklivros@gmail.com,Constituição Federal,4,3,"30/09/2026, 09:28:24"
Maria Clara Lima Dos Santos,advmariaclarasantos@gmail.com,Constituição Federal,1,0,"26/09/2026, 15:58:37"
Priscila Duarte Costa,priscilaadvba@gmail.com,Constituição Federal,3,0,"25/09/2026, 22:49:33"
Beatriz Alves De Paula,beatrizapaula@gmail.com,Constituição Federal,4,2,"29/09/2026, 17:39:48"
Islowenia Urtiga,isloweniaurtigaadv@gmail.com,Constituição Federal,1,0,"26/09/2026, 16:15:09"
Vanessa Lisboa Freire,nessalfreire@gmail.com,Constituição Federal,4,0,"28/09/2026, 18:08:19"
Luciana De Azevedo Néspoli,luciana.nespoli@hotmail.com,Constituição Federal,1,0,"26/09/2026, 13:40:36"
Patricia Oliveira Lima Pessanha,patriciapess@yahoo.com.br,Constituição Federal,6,1,"29/09/2026, 22:37:29"
Eduardo Stumpf,stumpf.rio@gmail.com,Constituição Federal,2,0,"27/09/2026, 01:40:03"
Sara Cristina Silva Sousa,sarasousati@gmail.com,Constituição Federal,2,0,"26/09/2026, 07:24:13"
Camila Mayara Barbosa Santos,camila_mbarbosa@hotmail.com,Constituição Federal,7,2,"29/09/2026, 13:14:48"
Ingrid Guenes Dos Santos,ingridguenes@gmail.com,Constituição Federal,6,2,"30/09/2026, 11:46:08"
Arianne Albuquerque De Lima Oliveira,arialbuquerque24@gmail.com,Constituição Federal,3,3,"29/09/2026, 17:04:45"
Rafaela Lins,rafaelalinsadv@hotmail.com,Constituição Federal,4,0,"27/09/2026, 20:11:03"
Wellington Da Silva Costa Costa,wellingtonrok@gmail.com,Constituição Federal,3,3,"29/09/2026, 23:58:51"
Denis Elion Braga De Mello,denisbraga1000@hotmail.com,Constituição Federal,3,2,"29/09/2026, 18:08:23"
Gustavo França Dos Santos,gustavo.f.s170@gmail.com,Constituição Federal,4,2,"29/09/2026, 21:44:26"
Bruno Aarão Santana,brunosantana87@gmail.com,Constituição Federal,1,0,"28/09/2026, 09:36:16"
Helena Nolasco Alves Marques,helena.nolasco.alves@gmail.com,Constituição Federal,2,0,"28/09/2026, 14:45:47"
Lucas Borges Rocha,lucasborgesrochaadv@gmail.com,Constituição Federal,4,0,"28/09/2026, 11:18:54"
Solange De Fátima Nogueira Da Costa,solangenogueira8@gmail.com,Constituição Federal,10,4,"30/09/2026, 08:42:36"
Everton Regis de Santana,euers@hotmail.com,Constituição Federal,2,0,"28/09/2026, 10:56:42"
Luany Gonçalves De Almeida Araujo,luanyaaraujo@gmail.com,Constituição Federal,8,3,"30/09/2026, 11:22:17"
Roberto Henrique De Oliveira,robertohenriqueadv@outlook.com,Constituição Federal,4,3,"29/09/2026, 20:55:19"
João Vitor Ferreira Da Silva,vttferreira67@gmail.com,Constituição Federal,2,0,"27/09/2026, 12:42:33"
Michele Bianca Ferreira Maciel,micmaciel13@gmail.com,Constituição Federal,3,2,"29/09/2026, 10:09:00"
Gabriela Cebalho,cebalhog@gmail.com,Constituição Federal,1,0,"28/09/2026, 16:04:23"
Nathália Panza,nathaliapanza@gmail.com,Constituição Federal,3,1,"29/09/2026, 21:27:03"
Ana Paula De Carvalho Ribeiro,anapaulacr@hotmail.com,Constituição Federal,2,1,"29/09/2026, 19:40:13"
Alexandre Pontes Batista,apb.alexandre@gmail.com,Constituição Federal,1,0,"28/09/2026, 12:25:31"
Arthur Oliveira Figueiredo,arthur14oliveirafigueiredo@gmail.com,Constituição Federal,2,1,"29/09/2026, 21:01:26"
Thiago Porto Borges,thiago_port7@hotmail.com,Constituição Federal,2,2,"30/09/2026, 00:02:14"
Maria Fernanda Leite Lima,mariafleitelima@gmail.com,Constituição Federal,4,2,"30/09/2026, 11:39:07"
Laiana Roberta Ferreira Barroso,laiana.robertaa@gmail.com,Constituição Federal,4,1,"30/09/2026, 10:53:29"
Priscila Andrade,priscilaandrade3@gmail.com,Constituição Federal,10,2,"30/09/2026, 11:22:10"
Viviana Tomás,viviana.lt@gmail.com,Constituição Federal,2,1,"30/09/2026, 00:11:48"
Wellington Bahe,wellington_anne@hotmail.com,Constituição Federal,1,0,"28/09/2026, 19:55:46"
Mariana Alves Danelhuk,marianadanelhuk15@gmail.com,Constituição Federal,3,2,"29/09/2026, 20:12:08"
Eneas Guerra,eneasguerra1@gmail.com,Constituição Federal,1,0,"28/09/2026, 19:57:22"
Sérgio Augusto Barreiros Bittencourt,sb.barreiros@gmail.com,Constituição Federal,0,0,"29/09/2026, 16:26:33"
Marcelle Carneiro Mota Da Silva,marcellecmota@outlook.com,Constituição Federal,1,0,"28/09/2026, 21:04:13"
Welliton Ribeiro Januario Da Silva,welliton_510@hotmail.com,Constituição Federal,2,2,"29/09/2026, 12:07:03"
Marcelo Da Luz E Silva,mdaluzesilva@gmail.com,Constituição Federal,1,1,"29/09/2026, 17:22:03"
Kamilla Rayane Santos Vieira,kamillaraysv@gmail.com,Constituição Federal,3,2,"29/09/2026, 14:58:25"
Letícia Rodrigues Souza Coutinho,leti_org@hotmail.com,Constituição Federal,3,2,"29/09/2026, 23:14:23"
Gabriel Cortez Orlando,gabrielcortezadvocacia@outlook.com,Constituição Federal,1,0,"28/09/2026, 22:39:50"
Caio Frederico Fonseca Martinez Perez,caiofred@gmail.com,Constituição Federal,1,1,"29/09/2026, 18:20:55"
Andressa M S Dantas,andressadantastab@gmail.com,Constituição Federal,1,1,"30/09/2026, 06:31:56"
Thiago Peduzzi Gomes,thiagomx@gmail.com,Constituição Federal,2,2,"29/09/2026, 19:16:41"
Richard Lucas Alves,alv.richard2000@gmail.com,Constituição Federal,2,1,"29/09/2026, 19:38:36"
Elias De Brito,eliaskleberson@gmail.com,Constituição Federal,3,2,"30/09/2026, 07:14:05"
Rômulo Barbosa Lima,romulo_vita@hotmail.com,Constituição Federal,1,1,"29/09/2026, 00:48:18"
Alencar Luiz Da Silva,alencarlsilva@hotmail.com,Constituição Federal,1,1,"29/09/2026, 20:02:55"
Romulo Gustavo Pinto Lima,romulogustavolima@gmail.com,Constituição Federal,3,2,"30/09/2026, 08:12:45"
Felipe César Santiago De Souza,felipe.cssouza@prefeitura.rio,Constituição Federal,1,1,"29/09/2026, 08:04:11"
Julio Cesar Nascimento De Souza Costa,julio_cesarcosta@hotmail.com,Constituição Federal,1,1,"29/09/2026, 08:02:47"
Aprovada Procuradoria,janoenemiranda95@gmail.com,Constituição Federal,1,1,"29/09/2026, 08:19:06"
Eduardo Ferraz Kotsifas,eduardofkotsifas@gmail.com,Constituição Federal,1,1,"29/09/2026, 09:12:44"
Kariny Cibelli Andrade Vieira,karinycibelli@hotmail.com,Constituição Federal,2,1,"30/09/2026, 09:09:56"
Noeli Roseli Sklar,noelisklar.adv@gmail.com,Constituição Federal,2,1,"30/09/2026, 09:51:31"
Elson Lima Muniz,elson86@gmail.com,Constituição Federal,1,1,"29/09/2026, 09:21:24"
Karine Santos Araújo Luz,karine_luz1@hotmail.com,Constituição Federal,1,1,"29/09/2026, 09:49:17"
Camila Matos Ferreira,camilamfe@gmail.com,Constituição Federal,1,1,"29/09/2026, 10:02:53"
Fábio Wilder Da Silva Dantas,fabiowilder@hotmail.com,Constituição Federal,1,1,"29/09/2026, 11:56:13"
Fabio Rodrigues Pereira,fabiorodrigues.uff@hotmail.com,Constituição Federal,1,1,"29/09/2026, 13:13:57"
Cícero Das Chagas Monteiro,cicerochagasmonteiro@gmail.com,Constituição Federal,1,1,"30/09/2026, 10:24:48"
Anthony Lima Dos Anjos,anthonylima317@gmail.com,Constituição Federal,1,1,"29/09/2026, 15:18:52"
Milene Meirelles,milenemeirelles@gmail.com,Constituição Federal,1,1,"29/09/2026, 15:34:13"
Paula Muniz Dutra De Andrade,muniz.paula@gmail.com,Constituição Federal,0,0,"21/09/2026, 22:05:17"
Roberto Valentim Cieslak Filho,roberto.cieslak@gmail.com,Constituição Federal,0,0,"29/09/2026, 17:36:49"
Leandro Novelli Krause,leandrokrause1608@gmail.com,Constituição Federal,0,0,"22/09/2026, 07:59:32"
Jakeline Amorim Silva,jakeamorim5@gmail.com,Constituição Federal,0,0,"23/09/2026, 17:13:35"
Davi Paulino Do Nascimento,davibr9@live.com,Constituição Federal,0,0,"29/09/2026, 16:46:10"
Emanuuelle Pereira Moura,manupmoura@gmail.com,Constituição Federal,0,0,"24/09/2026, 17:54:18"
Levy Ananias Da Silva Júnior,levyjrsilva@gmail.com,Constituição Federal,0,0,"21/09/2026, 21:42:06"
Cristiane José Santos,cristiane.jose.santos@gmail.com,Constituição Federal,0,0,"22/09/2026, 13:05:57"
Mateus De Oliveira Martins,mateus.oli.martins@gmail.com,Constituição Federal,0,0,"22/09/2026, 00:34:29"
Marcus Vinícius Silva Martins,mvsmartins@gmail.com,Constituição Federal,0,0,"26/09/2026, 16:38:11"
Jaelson Ferreira Da Silva,jaelsonferreira@yahoo.com.br,Constituição Federal,0,0,"22/09/2026, 19:35:45"
Rafael França,rafaellcabral2002@gmail.com,Constituição Federal,0,0,"29/09/2026, 21:44:01"
Marcio Rogerio Da Silva Maciel,marciomaciel1983@outlook.com,Constituição Federal,0,0,"24/09/2026, 22:48:02"
Nickollas Phablo De Sousa E Souza,nickollasphablo@gmail.com,Constituição Federal,0,0,"22/09/2026, 20:25:21"
Mateus Tavares Pereira,mateustpereira26@gmail.com,Constituição Federal,0,0,"24/09/2026, 18:31:47"
Giovanni Martins De Araújo Mascarenhas,giiovannimascarenhas@gmail.com,Constituição Federal,0,0,"23/09/2026, 08:59:44"
Guilherme De Morais Lopes,guilherme_lopes@hotmail.com,Constituição Federal,0,0,"22/09/2026, 18:15:52"